claim_id,claim_number,claimant_id,policy_id,vehicle_id,claim_date,incident_date,claim_amount,claim_type,status,description,location,weather_condition,repair_shop_id,medical_provider_id,lawyer_id,is_fraud_ring,fraud_ring_id
CLM_0,CN2417649156,CLM_LEG_1,POL_CLM_LEG_1_0,VEH_POL_CLM_LEG_1_0,2025-10-27T18:12:54.351929,2025-10-24T18:12:54.351929,2584.95,Comprehensive,Denied,Comprehensive incident involving Honda CR-V,Martinezberg,Rain,SHOP_18,,,False,
CLM_1,CN6750184553,CLM_LEG_9,POL_CLM_LEG_9_0,VEH_POL_CLM_LEG_9_0,2025-09-02T18:12:54.351929,2025-08-28T18:12:54.351929,13244.68,Collision,Open,Collision incident involving Nissan Altima,Scottmouth,Clear,SHOP_18,MED_20,,False,
CLM_2,CN6152671936,CLM_LEG_15,POL_CLM_LEG_15_0,VEH_POL_CLM_LEG_15_0,2025-07-20T18:12:54.352520,2025-07-18T18:12:54.352520,13029.47,Collision,Denied,Collision incident involving Honda Civic,Molinaland,Fog,SHOP_7,MED_39,,False,
CLM_3,CN2526847202,CLM_LEG_19,POL_CLM_LEG_19_0,VEH_POL_CLM_LEG_19_0,2025-11-02T18:12:54.352520,2025-10-30T18:12:54.352520,19657.77,Uninsured Motorist,Approved,Uninsured Motorist incident involving Nissan Sentra,West Frank,Snow,SHOP_14,MED_16,,False,
CLM_4,CN7896742923,CLM_LEG_34,POL_CLM_LEG_34_0,VEH_POL_CLM_LEG_34_0,2025-07-07T18:12:54.352520,2025-07-06T18:12:54.352520,7647.46,Personal Injury Protection,Open,Personal Injury Protection incident involving Honda Accord,West Barbara,Snow,SHOP_36,MED_12,,False,
CLM_5,CN904497739,CLM_LEG_46,POL_CLM_LEG_46_0,VEH_POL_CLM_LEG_46_0,2025-09-05T18:12:54.352520,2025-08-30T18:12:54.352520,11342.28,Liability,Denied,Liability incident involving Toyota Camry,Grahamshire,Fog,SHOP_9,,,False,
CLM_6,CN8656486939,CLM_LEG_52,POL_CLM_LEG_52_0,VEH_POL_CLM_LEG_52_0,2025-08-30T18:12:54.353530,2025-08-27T18:12:54.353530,13933.62,Collision,Denied,Collision incident involving Toyota Corolla,Robertmouth,Clear,SHOP_44,,,False,
CLM_7,CN9958134584,CLM_LEG_57,POL_CLM_LEG_57_0,VEH_POL_CLM_LEG_57_0,2025-11-03T18:12:54.353530,2025-11-02T18:12:54.353530,2989.76,Collision,Denied,Collision incident involving Toyota Highlander,North Courtneychester,Rain,SHOP_26,MED_7,,False,
CLM_8,CN8505277990,CLM_LEG_67,POL_CLM_LEG_67_0,VEH_POL_CLM_LEG_67_0,2025-12-22T18:12:54.353530,2025-12-16T18:12:54.353530,10659.91,Liability,Approved,Liability incident involving Toyota RAV4,Williamsport,Snow,SHOP_34,,,False,
CLM_9,CN7970262052,CLM_LEG_74,POL_CLM_LEG_74_0,VEH_POL_CLM_LEG_74_0,2025-07-12T18:12:54.353530,2025-07-06T18:12:54.353530,29750.63,Uninsured Motorist,Denied,Uninsured Motorist incident involving Chevrolet Tahoe,Woodsfort,Rain,SHOP_26,,,False,
CLM_10,CN4270734195,CLM_LEG_78,POL_CLM_LEG_78_0,VEH_POL_CLM_LEG_78_0,2025-12-14T18:12:54.354532,2025-12-10T18:12:54.354532,32993.12,Personal Injury Protection,Approved,Personal Injury Protection incident involving Nissan Altima,Austinmouth,Fog,SHOP_14,,LAW_23,False,
CLM_11,CN3973872466,CLM_LEG_84,POL_CLM_LEG_84_0,VEH_POL_CLM_LEG_84_0,2026-01-07T18:12:54.354532,2025-12-31T18:12:54.354532,12904.82,Collision,Denied,Collision incident involving Nissan Altima,West Wendy,Rain,SHOP_29,,,False,
CLM_12,CN3220659017,CLM_LEG_89,POL_CLM_LEG_89_0,VEH_POL_CLM_LEG_89_0,2025-09-22T18:12:54.354532,2025-09-18T18:12:54.354532,14589.39,Collision,Open,Collision incident involving Honda Accord,West Miguelport,Fog,SHOP_39,,,False,
CLM_13,CN9689650034,CLM_LEG_90,POL_CLM_LEG_90_0,VEH_POL_CLM_LEG_90_0,2025-11-21T18:12:54.354532,2025-11-19T18:12:54.354532,8132.26,Collision,Under Investigation,Collision incident involving Nissan Pathfinder,Barryside,Rain,SHOP_37,,LAW_28,False,
CLM_14,CN5672400972,CLM_LEG_103,POL_CLM_LEG_103_0,VEH_POL_CLM_LEG_103_0,2025-08-16T18:12:54.354532,2025-08-13T18:12:54.354532,2507.18,Collision,Open,Collision incident involving Ford Mustang,Davidfurt,Clear,SHOP_33,,LAW_14,False,
CLM_15,CN5224697157,CLM_LEG_106,POL_CLM_LEG_106_0,VEH_POL_CLM_LEG_106_0,2025-09-12T18:12:54.355536,2025-09-10T18:12:54.355536,3230.79,Comprehensive,Under Investigation,Comprehensive incident involving Chevrolet Malibu,Stephanieview,Clear,SHOP_15,,,False,
CLM_16,CN6655372248,CLM_LEG_109,POL_CLM_LEG_109_0,VEH_POL_CLM_LEG_109_0,2025-12-27T18:12:54.355536,2025-12-22T18:12:54.355536,29156.65,Personal Injury Protection,Open,Personal Injury Protection incident involving Honda Accord,Matthewmouth,Clear,SHOP_34,,LAW_20,False,
CLM_17,CN7106004989,CLM_LEG_110,POL_CLM_LEG_110_0,VEH_POL_CLM_LEG_110_0,2025-10-11T18:12:54.355536,2025-10-09T18:12:54.355536,10086.78,Collision,Under Investigation,Collision incident involving Toyota Highlander,Dunlapchester,Clear,SHOP_24,MED_25,,False,
CLM_18,CN904183796,CLM_LEG_135,POL_CLM_LEG_135_0,VEH_POL_CLM_LEG_135_0,2025-11-08T18:12:54.356538,2025-11-01T18:12:54.356538,23623.26,Liability,Approved,Liability incident involving Nissan Pathfinder,Hannahburgh,Snow,SHOP_30,,LAW_29,False,
CLM_19,CN8603781899,CLM_LEG_155,POL_CLM_LEG_155_0,VEH_POL_CLM_LEG_155_0,2025-09-20T18:12:54.356538,2025-09-16T18:12:54.356538,7050.59,Collision,Open,Collision incident involving Toyota Corolla,Anthonyshire,Clear,SHOP_20,MED_21,,False,
CLM_20,CN8153982775,CLM_LEG_157,POL_CLM_LEG_157_0,VEH_POL_CLM_LEG_157_0,2025-09-22T18:12:54.356538,2025-09-16T18:12:54.356538,14043.77,Collision,Under Investigation,Collision incident involving Chevrolet Tahoe,Port Alejandro,Clear,SHOP_40,MED_39,LAW_14,False,
CLM_21,CN1929805357,CLM_LEG_175,POL_CLM_LEG_175_0,VEH_POL_CLM_LEG_175_0,2025-08-24T18:12:54.356538,2025-08-23T18:12:54.356538,2488.14,Comprehensive,Approved,Comprehensive incident involving Toyota Highlander,Mcfarlandfort,Clear,SHOP_7,MED_33,,False,
CLM_22,CN9151463112,CLM_LEG_180,POL_CLM_LEG_180_0,VEH_POL_CLM_LEG_180_0,2025-08-06T18:12:54.358043,2025-08-05T18:12:54.358043,14170.72,Liability,Denied,Liability incident involving Nissan Altima,South Paul,Clear,SHOP_29,MED_35,,False,
CLM_23,CN9994323202,CLM_LEG_187,POL_CLM_LEG_187_0,VEH_POL_CLM_LEG_187_0,2025-11-18T18:12:54.358043,2025-11-16T18:12:54.358043,11569.03,Uninsured Motorist,Under Investigation,Uninsured Motorist incident involving Toyota Camry,Brownside,Fog,SHOP_10,,,False,
CLM_24,CN9266782874,CLM_LEG_191,POL_CLM_LEG_191_1,VEH_POL_CLM_LEG_191_1,2025-07-14T18:12:54.358043,2025-07-09T18:12:54.358043,11639.59,Personal Injury Protection,Under Investigation,Personal Injury Protection incident involving Honda Pilot,Montoyatown,Rain,SHOP_43,MED_14,LAW_12,False,
CLM_25,CN5303233497,CLM_LEG_193,POL_CLM_LEG_193_0,VEH_POL_CLM_LEG_193_0,2025-11-18T18:12:54.358043,2025-11-17T18:12:54.358043,24808.5,Personal Injury Protection,Denied,Personal Injury Protection incident involving Chevrolet Tahoe,Shepherdside,Fog,SHOP_27,,,False,
CLM_26,CN2732549508,CLM_LEG_197,POL_CLM_LEG_197_0,VEH_POL_CLM_LEG_197_0,2025-12-26T18:12:54.358043,2025-12-24T18:12:54.358043,6735.85,Comprehensive,Open,Comprehensive incident involving Nissan Rogue,Grahamport,Snow,SHOP_12,,,False,
CLM_27,CN9724677294,CLM_LEG_202,POL_CLM_LEG_202_0,VEH_POL_CLM_LEG_202_0,2025-08-09T18:12:54.358043,2025-08-07T18:12:54.358043,5267.47,Uninsured Motorist,Denied,Uninsured Motorist incident involving Ford Mustang,Lake Rebecca,Fog,SHOP_46,MED_27,,False,
CLM_28,CN8539106253,CLM_LEG_203,POL_CLM_LEG_203_0,VEH_POL_CLM_LEG_203_0,2025-12-29T18:12:54.358043,2025-12-27T18:12:54.358043,2755.75,Collision,Denied,Collision incident involving Ford Escape,Lake Michael,Rain,SHOP_42,,,False,
CLM_29,CN7864273619,CLM_LEG_209,POL_CLM_LEG_209_0,VEH_POL_CLM_LEG_209_0,2025-10-15T18:12:54.359254,2025-10-14T18:12:54.359254,24396.55,Liability,Under Investigation,Liability incident involving Ford Mustang,South Michaelfort,Rain,SHOP_33,,,False,
CLM_30,CN7649032841,CLM_LEG_210,POL_CLM_LEG_210_0,VEH_POL_CLM_LEG_210_0,2025-11-04T18:12:54.359254,2025-11-03T18:12:54.359254,1957.02,Comprehensive,Open,Comprehensive incident involving Nissan Pathfinder,Donaldfort,Snow,SHOP_29,,,False,
CLM_31,CN4750967916,CLM_LEG_217,POL_CLM_LEG_217_1,VEH_POL_CLM_LEG_217_1,2025-08-03T18:12:54.359254,2025-07-28T18:12:54.359254,8916.23,Liability,Denied,Liability incident involving Toyota Corolla,Anneland,Fog,SHOP_11,,,False,
CLM_32,CN2518650335,CLM_LEG_225,POL_CLM_LEG_225_0,VEH_POL_CLM_LEG_225_0,2025-12-17T18:12:54.359254,2025-12-10T18:12:54.359254,8163.15,Uninsured Motorist,Open,Uninsured Motorist incident involving Ford F-150,Leechester,Fog,SHOP_49,,,False,
CLM_33,CN6794388831,CLM_LEG_243,POL_CLM_LEG_243_0,VEH_POL_CLM_LEG_243_0,2025-12-01T18:12:54.360256,2025-11-27T18:12:54.360256,8038.12,Uninsured Motorist,Approved,Uninsured Motorist incident involving Toyota Camry,Port Maryfort,Fog,SHOP_45,,,False,
CLM_34,CN3448073522,CLM_LEG_246,POL_CLM_LEG_246_0,VEH_POL_CLM_LEG_246_0,2025-12-28T18:12:54.360256,2025-12-27T18:12:54.360256,12100.8,Uninsured Motorist,Approved,Uninsured Motorist incident involving Nissan Sentra,Catherinestad,Rain,SHOP_6,,,False,
CLM_35,CN154941132,CLM_LEG_250,POL_CLM_LEG_250_0,VEH_POL_CLM_LEG_250_0,2025-10-31T18:12:54.360256,2025-10-27T18:12:54.360256,4693.33,Collision,Denied,Collision incident involving Toyota Highlander,Obrienstad,Fog,SHOP_27,,,False,
CLM_36,CN4561162555,CLM_LEG_252,POL_CLM_LEG_252_0,VEH_POL_CLM_LEG_252_0,2025-12-10T18:12:54.360256,2025-12-06T18:12:54.360256,22553.75,Uninsured Motorist,Denied,Uninsured Motorist incident involving Toyota Highlander,East Brian,Fog,SHOP_47,,,False,
CLM_37,CN2877158644,CLM_LEG_254,POL_CLM_LEG_254_1,VEH_POL_CLM_LEG_254_1,2025-11-28T18:12:54.360256,2025-11-27T18:12:54.360256,7435.45,Comprehensive,Open,Comprehensive incident involving Nissan Rogue,New Bryanborough,Fog,SHOP_11,MED_21,,False,
CLM_38,CN7514176473,CLM_LEG_287,POL_CLM_LEG_287_0,VEH_POL_CLM_LEG_287_0,2025-09-23T18:12:54.361928,2025-09-18T18:12:54.361928,3204.31,Comprehensive,Denied,Comprehensive incident involving Toyota Corolla,East Jasonfort,Snow,SHOP_13,,,False,
CLM_39,CN1286994364,CLM_LEG_289,POL_CLM_LEG_289_0,VEH_POL_CLM_LEG_289_0,2025-09-13T18:12:54.361928,2025-09-09T18:12:54.361928,38998.04,Personal Injury Protection,Open,Personal Injury Protection incident involving Chevrolet Equinox,Port Vanessa,Fog,SHOP_36,MED_18,,False,
CLM_40,CN3075665257,CLM_LEG_294,POL_CLM_LEG_294_0,VEH_POL_CLM_LEG_294_0,2025-09-19T18:12:54.362306,2025-09-12T18:12:54.362306,6866.42,Uninsured Motorist,Under Investigation,Uninsured Motorist incident involving Chevrolet Silverado,Cindyville,Snow,SHOP_47,,LAW_7,False,
CLM_41,CN2371683956,CLM_LEG_307,POL_CLM_LEG_307_0,VEH_POL_CLM_LEG_307_0,2025-07-19T18:12:54.362306,2025-07-18T18:12:54.362306,11573.97,Uninsured Motorist,Under Investigation,Uninsured Motorist incident involving Honda CR-V,Lake Nicolasshire,Clear,SHOP_34,MED_18,,False,
CLM_42,CN7038199310,CLM_LEG_321,POL_CLM_LEG_321_0,VEH_POL_CLM_LEG_321_0,2025-09-11T18:12:54.363147,2025-09-10T18:12:54.363147,21809.45,Personal Injury Protection,Denied,Personal Injury Protection incident involving Nissan Rogue,North Deannaburgh,Rain,SHOP_30,MED_18,,False,
CLM_43,CN5585722160,CLM_LEG_322,POL_CLM_LEG_322_0,VEH_POL_CLM_LEG_322_0,2025-11-25T18:12:54.363147,2025-11-24T18:12:54.363147,7182.97,Comprehensive,Approved,Comprehensive incident involving Ford F-150,Benjaminland,Snow,SHOP_8,,,False,
CLM_44,CN4255963783,CLM_LEG_323,POL_CLM_LEG_323_0,VEH_POL_CLM_LEG_323_0,2025-11-12T18:12:54.363147,2025-11-08T18:12:54.363147,9292.05,Uninsured Motorist,Under Investigation,Uninsured Motorist incident involving Chevrolet Equinox,New Steven,Fog,SHOP_33,,,False,
CLM_45,CN4700549587,CLM_LEG_326,POL_CLM_LEG_326_0,VEH_POL_CLM_LEG_326_0,2025-10-14T18:12:54.363147,2025-10-08T18:12:54.363147,3410.17,Personal Injury Protection,Under Investigation,Personal Injury Protection incident involving Honda Civic,Melendezshire,Clear,SHOP_48,MED_22,,False,
CLM_46,CN1498421499,CLM_LEG_332,POL_CLM_LEG_332_0,VEH_POL_CLM_LEG_332_0,2025-10-06T18:12:54.363676,2025-09-29T18:12:54.363676,2830.86,Comprehensive,Approved,Comprehensive incident involving Toyota Camry,Lake Dustinborough,Clear,SHOP_10,,,False,
CLM_47,CN3549359628,CLM_LEG_336,POL_CLM_LEG_336_0,VEH_POL_CLM_LEG_336_0,2025-09-05T18:12:54.363676,2025-09-02T18:12:54.363676,12830.09,Liability,Open,Liability incident involving Chevrolet Equinox,West Carriefurt,Clear,SHOP_38,,,False,
CLM_48,CN8520629844,CLM_LEG_342,POL_CLM_LEG_342_0,VEH_POL_CLM_LEG_342_0,2025-12-20T18:12:54.363676,2025-12-17T18:12:54.363676,2796.26,Collision,Approved,Collision incident involving Nissan Pathfinder,Lucasview,Clear,SHOP_20,MED_29,,False,
CLM_49,CN662210977,CLM_LEG_347,POL_CLM_LEG_347_0,VEH_POL_CLM_LEG_347_0,2025-10-15T18:12:54.363676,2025-10-12T18:12:54.363676,17583.83,Personal Injury Protection,Open,Personal Injury Protection incident involving Chevrolet Equinox,Margaretside,Clear,SHOP_37,MED_6,,False,
CLM_50,CN2901958311,CLM_LEG_352,POL_CLM_LEG_352_0,VEH_POL_CLM_LEG_352_0,2025-12-14T18:12:54.363676,2025-12-09T18:12:54.363676,10818.86,Uninsured Motorist,Open,Uninsured Motorist incident involving Toyota Highlander,Howardport,Fog,SHOP_7,MED_33,,False,
CLM_51,CN3807981844,CLM_LEG_358,POL_CLM_LEG_358_0,VEH_POL_CLM_LEG_358_0,2025-09-28T18:12:54.364684,2025-09-24T18:12:54.364684,6755.58,Collision,Denied,Collision incident involving Ford F-150,Paulfort,Fog,SHOP_38,,LAW_21,False,
CLM_52,CN7385223020,CLM_LEG_366,POL_CLM_LEG_366_0,VEH_POL_CLM_LEG_366_0,2025-08-19T18:12:54.364684,2025-08-17T18:12:54.364684,6326.91,Collision,Open,Collision incident involving Toyota RAV4,West Courtney,Snow,SHOP_28,MED_26,,False,
CLM_53,CN1393732471,CLM_LEG_369,POL_CLM_LEG_369_0,VEH_POL_CLM_LEG_369_0,2025-11-03T18:12:54.365187,2025-11-01T18:12:54.365187,3553.22,Comprehensive,Under Investigation,Comprehensive incident involving Toyota Corolla,North Lisa,Snow,SHOP_42,,,False,
CLM_54,CN3139750353,CLM_LEG_372,POL_CLM_LEG_372_0,VEH_POL_CLM_LEG_372_0,2025-12-22T18:12:54.365187,2025-12-21T18:12:54.365187,18752.1,Personal Injury Protection,Denied,Personal Injury Protection incident involving Ford Explorer,Wellsberg,Fog,SHOP_48,,,False,
CLM_55,CN4615457590,CLM_LEG_378,POL_CLM_LEG_378_0,VEH_POL_CLM_LEG_378_0,2025-09-07T18:12:54.365187,2025-09-05T18:12:54.365187,2103.13,Comprehensive,Under Investigation,Comprehensive incident involving Chevrolet Equinox,West Brandon,Snow,SHOP_35,,,False,
CLM_56,CN7908902046,CLM_LEG_384,POL_CLM_LEG_384_0,VEH_POL_CLM_LEG_384_0,2025-11-02T18:12:54.365187,2025-11-01T18:12:54.365187,13529.38,Liability,Denied,Liability incident involving Toyota Highlander,Jameschester,Rain,SHOP_39,,LAW_3,False,
CLM_57,CN2604143483,CLM_LEG_397,POL_CLM_LEG_397_0,VEH_POL_CLM_LEG_397_0,2025-07-14T18:12:54.366194,2025-07-08T18:12:54.366194,3233.28,Comprehensive,Under Investigation,Comprehensive incident involving Toyota RAV4,Michelleport,Clear,SHOP_35,,,False,
CLM_58,CN9646845524,CLM_LEG_399,POL_CLM_LEG_399_0,VEH_POL_CLM_LEG_399_0,2025-12-27T18:12:54.366194,2025-12-20T18:12:54.366194,3903.55,Collision,Under Investigation,Collision incident involving Chevrolet Silverado,Thomasside,Snow,SHOP_14,,,False,
CLM_59,CN7381744026,CLM_LEG_431,POL_CLM_LEG_431_1,VEH_POL_CLM_LEG_431_1,2025-10-23T18:12:54.367196,2025-10-21T18:12:54.367196,2130.34,Comprehensive,Under Investigation,Comprehensive incident involving Chevrolet Tahoe,Lawrencebury,Fog,SHOP_48,,,False,
CLM_60,CN7868871032,CLM_LEG_440,POL_CLM_LEG_440_0,VEH_POL_CLM_LEG_440_0,2025-09-07T18:12:54.367196,2025-09-01T18:12:54.367196,18865.59,Liability,Approved,Liability incident involving Toyota Camry,Port Georgehaven,Fog,SHOP_20,,,False,
CLM_61,CN8450446892,CLM_LEG_443,POL_CLM_LEG_443_0,VEH_POL_CLM_LEG_443_0,2025-12-09T18:12:54.367196,2025-12-08T18:12:54.367196,11687.88,Collision,Under Investigation,Collision incident involving Nissan Rogue,Martinfort,Fog,SHOP_9,,,False,
CLM_62,CN6357096764,CLM_LEG_444,POL_CLM_LEG_444_0,VEH_POL_CLM_LEG_444_0,2025-08-16T18:12:54.367196,2025-08-11T18:12:54.367196,3809.28,Comprehensive,Approved,Comprehensive incident involving Toyota RAV4,Kramerfurt,Fog,SHOP_18,,,False,
CLM_63,CN358479654,CLM_LEG_454,POL_CLM_LEG_454_0,VEH_POL_CLM_LEG_454_0,2025-11-02T18:12:54.368197,2025-10-29T18:12:54.368197,29796.32,Personal Injury Protection,Denied,Personal Injury Protection incident involving Honda Pilot,Andrewfurt,Fog,SHOP_20,,,False,
CLM_64,CN9300305574,CLM_LEG_460,POL_CLM_LEG_460_0,VEH_POL_CLM_LEG_460_0,2025-09-23T18:12:54.368197,2025-09-19T18:12:54.368197,6721.01,Comprehensive,Approved,Comprehensive incident involving Honda Civic,Clinefurt,Snow,SHOP_28,MED_37,LAW_15,False,
CLM_65,CN1346455325,CLM_LEG_467,POL_CLM_LEG_467_0,VEH_POL_CLM_LEG_467_0,2025-09-29T18:12:54.368197,2025-09-23T18:12:54.368197,1145.54,Comprehensive,Approved,Comprehensive incident involving Nissan Sentra,Craigmouth,Clear,SHOP_8,MED_28,,False,
CLM_66,CN2087684617,CLM_LEG_472,POL_CLM_LEG_472_0,VEH_POL_CLM_LEG_472_0,2025-11-17T18:12:54.368197,2025-11-11T18:12:54.368197,47854.85,Personal Injury Protection,Under Investigation,Personal Injury Protection incident involving Honda CR-V,Lake Willieberg,Rain,SHOP_8,,,False,
CLM_67,CN4373348622,CLM_LEG_481,POL_CLM_LEG_481_0,VEH_POL_CLM_LEG_481_0,2025-08-05T18:12:54.369199,2025-08-04T18:12:54.369199,11390.96,Collision,Open,Collision incident involving Chevrolet Malibu,West Christown,Fog,SHOP_38,,,False,
CLM_68,CN9029243357,CLM_LEG_493,POL_CLM_LEG_493_0,VEH_POL_CLM_LEG_493_0,2025-08-01T18:12:54.369199,2025-07-26T18:12:54.369199,21756.51,Uninsured Motorist,Denied,Uninsured Motorist incident involving Ford Escape,East Brookeview,Fog,SHOP_19,MED_20,,False,
CLM_69,CN2956983480,CLM_LEG_499,POL_CLM_LEG_499_0,VEH_POL_CLM_LEG_499_0,2025-07-19T18:12:54.369199,2025-07-13T18:12:54.369199,7895.32,Comprehensive,Approved,Comprehensive incident involving Honda Civic,Brownburgh,Fog,SHOP_32,,,False,
CLM_70,CN6108874722,CLM_LEG_509,POL_CLM_LEG_509_0,VEH_POL_CLM_LEG_509_0,2025-07-20T18:12:54.370201,2025-07-13T18:12:54.370201,28618.82,Uninsured Motorist,Under Investigation,Uninsured Motorist incident involving Nissan Rogue,Riceville,Fog,SHOP_20,MED_31,,False,
CLM_71,CN9840223442,CLM_LEG_512,POL_CLM_LEG_512_0,VEH_POL_CLM_LEG_512_0,2025-09-20T18:12:54.370201,2025-09-15T18:12:54.370201,7798.62,Liability,Approved,Liability incident involving Ford F-150,Walkerstad,Clear,SHOP_19,,,False,
CLM_72,CN1365156051,CLM_LEG_514,POL_CLM_LEG_514_0,VEH_POL_CLM_LEG_514_0,2025-12-12T18:12:54.370201,2025-12-07T18:12:54.370201,25510.0,Personal Injury Protection,Under Investigation,Personal Injury Protection incident involving Ford Escape,New Jasonborough,Rain,SHOP_36,,,False,
CLM_73,CN3876807475,CLM_LEG_520,POL_CLM_LEG_520_0,VEH_POL_CLM_LEG_520_0,2025-09-23T18:12:54.370201,2025-09-21T18:12:54.370201,4219.23,Comprehensive,Denied,Comprehensive incident involving Chevrolet Malibu,North Nicolemouth,Clear,SHOP_42,MED_31,,False,
CLM_74,CN6490371315,CLM_LEG_539,POL_CLM_LEG_539_0,VEH_POL_CLM_LEG_539_0,2025-09-06T18:12:54.371202,2025-09-04T18:12:54.371202,16392.15,Uninsured Motorist,Denied,Uninsured Motorist incident involving Ford Explorer,Randallbury,Fog,SHOP_32,,,False,
CLM_75,CN5235131680,CLM_LEG_552,POL_CLM_LEG_552_0,VEH_POL_CLM_LEG_552_0,2025-08-07T18:12:54.371202,2025-08-05T18:12:54.371202,14656.92,Liability,Approved,Liability incident involving Nissan Altima,Lake Brandonland,Fog,SHOP_41,MED_12,,False,
CLM_76,CN7271614252,CLM_LEG_554,POL_CLM_LEG_554_0,VEH_POL_CLM_LEG_554_0,2025-10-20T18:12:54.371202,2025-10-15T18:12:54.371202,10427.73,Collision,Open,Collision incident involving Ford Escape,Ashleyland,Rain,SHOP_32,MED_27,,False,
CLM_77,CN6232046613,CLM_LEG_568,POL_CLM_LEG_568_0,VEH_POL_CLM_LEG_568_0,2025-12-30T18:12:54.371202,2025-12-29T18:12:54.371202,3379.27,Comprehensive,Open,Comprehensive incident involving Ford F-150,Lynnfort,Fog,SHOP_46,,,False,
CLM_78,CN4290354125,CLM_LEG_580,POL_CLM_LEG_580_0,VEH_POL_CLM_LEG_580_0,2025-12-23T18:12:54.372203,2025-12-22T18:12:54.372203,10902.96,Personal Injury Protection,Approved,Personal Injury Protection incident involving Toyota Highlander,East Sherrymouth,Rain,SHOP_36,,LAW_7,False,
CLM_79,CN5210267808,CLM_LEG_591,POL_CLM_LEG_591_0,VEH_POL_CLM_LEG_591_0,2025-07-10T18:12:54.372203,2025-07-09T18:12:54.372203,44554.09,Personal Injury Protection,Approved,Personal Injury Protection incident involving Chevrolet Tahoe,East Martha,Fog,SHOP_46,,,False,
CLM_80,CN190220066,CLM_LEG_630,POL_CLM_LEG_630_0,VEH_POL_CLM_LEG_630_0,2025-09-04T18:12:54.373206,2025-09-03T18:12:54.373206,20151.17,Personal Injury Protection,Under Investigation,Personal Injury Protection incident involving Honda Accord,North Donnaport,Fog,SHOP_37,,,False,
CLM_81,CN2429580268,CLM_LEG_646,POL_CLM_LEG_646_0,VEH_POL_CLM_LEG_646_0,2025-10-29T18:12:54.374207,2025-10-25T18:12:54.374207,8546.58,Uninsured Motorist,Approved,Uninsured Motorist incident involving Chevrolet Tahoe,Mooreside,Rain,SHOP_34,MED_4,LAW_9,False,
CLM_82,CN3715477780,CLM_LEG_655,POL_CLM_LEG_655_0,VEH_POL_CLM_LEG_655_0,2025-10-11T18:12:54.374207,2025-10-05T18:12:54.374207,17698.72,Liability,Open,Liability incident involving Honda Pilot,Alexistown,Clear,SHOP_45,,LAW_20,False,
CLM_83,CN1786399092,CLM_LEG_659,POL_CLM_LEG_659_0,VEH_POL_CLM_LEG_659_0,2025-07-24T18:12:54.374207,2025-07-23T18:12:54.374207,5823.89,Comprehensive,Open,Comprehensive incident involving Toyota Highlander,New Patrick,Snow,SHOP_24,,LAW_8,False,
CLM_84,CN1730270472,CLM_LEG_662,POL_CLM_LEG_662_1,VEH_POL_CLM_LEG_662_1,2025-07-16T18:12:54.374207,2025-07-10T18:12:54.374207,10885.4,Uninsured Motorist,Denied,Uninsured Motorist incident involving Honda Accord,Lake Lawrence,Snow,SHOP_48,,,False,
CLM_85,CN8375677641,CLM_LEG_666,POL_CLM_LEG_666_0,VEH_POL_CLM_LEG_666_0,2025-08-08T18:12:54.374207,2025-08-07T18:12:54.374207,5597.74,Comprehensive,Under Investigation,Comprehensive incident involving Toyota Corolla,West Amy,Fog,SHOP_22,,LAW_14,False,
CLM_86,CN2022761184,CLM_LEG_668,POL_CLM_LEG_668_0,VEH_POL_CLM_LEG_668_0,2025-07-18T18:12:54.375210,2025-07-15T18:12:54.375210,45587.2,Personal Injury Protection,Denied,Personal Injury Protection incident involving Ford Explorer,Port Angelatown,Rain,SHOP_12,,,False,
CLM_87,CN5595624978,CLM_LEG_674,POL_CLM_LEG_674_0,VEH_POL_CLM_LEG_674_0,2025-07-26T18:12:54.375210,2025-07-25T18:12:54.375210,12376.42,Collision,Approved,Collision incident involving Chevrolet Tahoe,North Patriciabury,Snow,SHOP_42,MED_10,LAW_24,False,
CLM_88,CN3963069242,CLM_LEG_684,POL_CLM_LEG_684_0,VEH_POL_CLM_LEG_684_0,2025-11-02T18:12:54.375210,2025-10-29T18:12:54.375210,2732.16,Comprehensive,Approved,Comprehensive incident involving Toyota Corolla,New Sherrychester,Fog,SHOP_11,,LAW_5,False,
CLM_89,CN4140885332,CLM_LEG_706,POL_CLM_LEG_706_0,VEH_POL_CLM_LEG_706_0,2025-12-18T18:12:54.376219,2025-12-14T18:12:54.376219,19540.53,Uninsured Motorist,Open,Uninsured Motorist incident involving Nissan Altima,Sullivanborough,Snow,SHOP_36,,,False,
CLM_90,CN7544515955,CLM_LEG_711,POL_CLM_LEG_711_0,VEH_POL_CLM_LEG_711_0,2025-12-09T18:12:54.376219,2025-12-07T18:12:54.376219,13695.51,Personal Injury Protection,Open,Personal Injury Protection incident involving Toyota Corolla,Lawsonchester,Snow,SHOP_18,MED_18,,False,
CLM_91,CN5700858769,CLM_LEG_714,POL_CLM_LEG_714_0,VEH_POL_CLM_LEG_714_0,2025-10-04T18:12:54.376219,2025-09-29T18:12:54.376219,1400.29,Comprehensive,Under Investigation,Comprehensive incident involving Honda Pilot,Nicholasmouth,Rain,SHOP_20,,,False,
CLM_92,CN6323029873,CLM_LEG_718,POL_CLM_LEG_718_0,VEH_POL_CLM_LEG_718_0,2025-09-06T18:12:54.376219,2025-09-04T18:12:54.376219,13831.27,Liability,Approved,Liability incident involving Ford Mustang,Port Joshuaburgh,Clear,SHOP_43,,LAW_13,False,
CLM_93,CN5624754847,CLM_LEG_722,POL_CLM_LEG_722_0,VEH_POL_CLM_LEG_722_0,2025-07-31T18:12:54.377221,2025-07-28T18:12:54.377221,9974.63,Liability,Under Investigation,Liability incident involving Honda Accord,Katherinefurt,Fog,SHOP_19,,LAW_4,False,
CLM_94,CN9721452007,CLM_LEG_725,POL_CLM_LEG_725_0,VEH_POL_CLM_LEG_725_0,2025-08-06T18:12:54.377221,2025-08-05T18:12:54.377221,9912.64,Personal Injury Protection,Denied,Personal Injury Protection incident involving Nissan Pathfinder,Shermanfort,Snow,SHOP_48,,,False,
CLM_95,CN9044744948,CLM_LEG_730,POL_CLM_LEG_730_0,VEH_POL_CLM_LEG_730_0,2025-12-17T18:12:54.377221,2025-12-11T18:12:54.377221,5797.16,Comprehensive,Under Investigation,Comprehensive incident involving Ford Escape,South Kimberly,Rain,SHOP_8,,,False,
CLM_96,CN4792362868,CLM_LEG_731,POL_CLM_LEG_731_0,VEH_POL_CLM_LEG_731_0,2025-12-20T18:12:54.377835,2025-12-13T18:12:54.377835,29658.41,Personal Injury Protection,Denied,Personal Injury Protection incident involving Honda Civic,South Brianside,Fog,SHOP_25,,,False,
CLM_97,CN8914800093,CLM_LEG_732,POL_CLM_LEG_732_0,VEH_POL_CLM_LEG_732_0,2025-08-29T18:12:54.377835,2025-08-23T18:12:54.377835,7738.18,Liability,Approved,Liability incident involving Toyota Corolla,Lambertmouth,Snow,SHOP_33,,,False,
CLM_98,CN2105002658,CLM_LEG_736,POL_CLM_LEG_736_0,VEH_POL_CLM_LEG_736_0,2025-10-13T18:12:54.378369,2025-10-12T18:12:54.378369,5305.84,Collision,Denied,Collision incident involving Honda Accord,South Travis,Rain,SHOP_5,,LAW_7,False,
CLM_99,CN6650335767,CLM_LEG_739,POL_CLM_LEG_739_0,VEH_POL_CLM_LEG_739_0,2025-12-20T18:12:54.378722,2025-12-18T18:12:54.378722,17759.02,Liability,Denied,Liability incident involving Toyota Camry,Paigeview,Clear,SHOP_43,,,False,
CLM_100,CN9753148083,CLM_LEG_750,POL_CLM_LEG_750_0,VEH_POL_CLM_LEG_750_0,2025-08-21T18:12:54.378722,2025-08-16T18:12:54.378722,6521.65,Comprehensive,Under Investigation,Comprehensive incident involving Nissan Pathfinder,Christopherport,Fog,SHOP_11,MED_19,,False,
CLM_101,CN9788200894,CLM_LEG_752,POL_CLM_LEG_752_0,VEH_POL_CLM_LEG_752_0,2025-10-26T18:12:54.378722,2025-10-22T18:12:54.378722,5167.9,Collision,Open,Collision incident involving Ford Mustang,New Teresa,Rain,SHOP_8,MED_23,LAW_3,False,
CLM_102,CN9212492522,CLM_LEG_757,POL_CLM_LEG_757_0,VEH_POL_CLM_LEG_757_0,2025-07-17T18:12:54.378722,2025-07-13T18:12:54.378722,13459.29,Collision,Open,Collision incident involving Chevrolet Tahoe,Snydertown,Rain,SHOP_38,MED_30,,False,
CLM_103,CN8850145552,CLM_LEG_772,POL_CLM_LEG_772_0,VEH_POL_CLM_LEG_772_0,2025-07-13T18:12:54.379731,2025-07-07T18:12:54.379731,1565.55,Comprehensive,Open,Comprehensive incident involving Nissan Rogue,Melanieland,Fog,SHOP_11,,,False,
CLM_104,CN531970329,CLM_LEG_773,POL_CLM_LEG_773_0,VEH_POL_CLM_LEG_773_0,2026-01-01T18:12:54.379731,2025-12-25T18:12:54.379731,16212.57,Liability,Approved,Liability incident involving Ford F-150,Caldwellchester,Clear,SHOP_46,,,False,
CLM_105,CN3788102534,CLM_LEG_777,POL_CLM_LEG_777_0,VEH_POL_CLM_LEG_777_0,2025-07-29T18:12:54.380208,2025-07-26T18:12:54.380208,23590.35,Uninsured Motorist,Approved,Uninsured Motorist incident involving Nissan Altima,Hicksmouth,Fog,SHOP_46,,,False,
CLM_106,CN4479652535,CLM_LEG_779,POL_CLM_LEG_779_0,VEH_POL_CLM_LEG_779_0,2025-12-08T18:12:54.380208,2025-12-03T18:12:54.380208,11768.63,Liability,Under Investigation,Liability incident involving Chevrolet Equinox,West Bryan,Fog,SHOP_16,,,False,
CLM_107,CN4794892619,CLM_LEG_782,POL_CLM_LEG_782_0,VEH_POL_CLM_LEG_782_0,2025-11-06T18:12:54.380208,2025-11-01T18:12:54.380208,6925.2,Comprehensive,Denied,Comprehensive incident involving Ford F-150,Port Rebecca,Fog,SHOP_27,,LAW_15,False,
CLM_108,CN4318924429,CLM_LEG_793,POL_CLM_LEG_793_0,VEH_POL_CLM_LEG_793_0,2025-10-26T18:12:54.380768,2025-10-20T18:12:54.380768,5811.73,Comprehensive,Denied,Comprehensive incident involving Honda CR-V,Kellerland,Fog,SHOP_29,,,False,
CLM_109,CN45568214,CLM_LEG_797,POL_CLM_LEG_797_0,VEH_POL_CLM_LEG_797_0,2025-09-24T18:12:54.380768,2025-09-17T18:12:54.380768,12471.97,Collision,Open,Collision incident involving Nissan Pathfinder,Nicholsview,Snow,SHOP_11,,LAW_24,False,
CLM_110,CN5239701867,CLM_RING_0_0,POL_CLM_RING_0_0_0,VEH_POL_CLM_RING_0_0_0,2025-11-13T18:12:54.380768,2025-11-09T18:12:54.380768,34268.2,Uninsured Motorist,Approved,Uninsured Motorist incident involving Honda Pilot,Barbaraberg,Fog,SHOP_0,MED_0,LAW_29,True,RING_0
CLM_111,CN9559013518,CLM_RING_0_1,POL_CLM_RING_0_1_0,VEH_POL_CLM_RING_0_1_0,2025-09-01T18:12:54.380768,2025-08-31T18:12:54.380768,30189.25,Uninsured Motorist,Open,Uninsured Motorist incident involving Chevrolet Silverado,Myersville,Snow,SHOP_0,MED_1,LAW_3,True,RING_0
CLM_112,CN2934194696,CLM_RING_0_2,POL_CLM_RING_0_2_0,VEH_POL_CLM_RING_0_2_0,2025-11-08T18:12:54.380768,2025-11-04T18:12:54.380768,37569.61,Uninsured Motorist,Approved,Uninsured Motorist incident involving Toyota RAV4,Johnmouth,Rain,SHOP_0,MED_9,LAW_27,True,RING_0
CLM_113,CN3364798278,CLM_RING_0_3,POL_CLM_RING_0_3_0,VEH_POL_CLM_RING_0_3_0,2025-07-23T18:12:54.380768,2025-07-21T18:12:54.380768,23045.07,Uninsured Motorist,Approved,Uninsured Motorist incident involving Toyota Corolla,Benjaminfort,Rain,SHOP_0,MED_0,LAW_15,True,RING_0
CLM_114,CN1857228002,CLM_RING_0_4,POL_CLM_RING_0_4_0,VEH_POL_CLM_RING_0_4_0,2025-07-12T18:12:54.380768,2025-07-10T18:12:54.380768,18248.19,Liability,Denied,Liability incident involving Ford Explorer,Lake Mariemouth,Rain,SHOP_0,MED_9,LAW_20,True,RING_0
CLM_115,CN4129771808,CLM_RING_0_5,POL_CLM_RING_0_5_0,VEH_POL_CLM_RING_0_5_0,2025-08-24T18:12:54.380768,2025-08-22T18:12:54.380768,24697.21,Liability,Denied,Liability incident involving Honda Civic,North Rachelfort,Clear,SHOP_0,MED_0,LAW_17,True,RING_0
CLM_116,CN6672648271,CLM_RING_0_7,POL_CLM_RING_0_7_0,VEH_POL_CLM_RING_0_7_0,2025-08-27T18:12:54.381960,2025-08-21T18:12:54.381960,32030.8,Uninsured Motorist,Denied,Uninsured Motorist incident involving Nissan Rogue,New Justin,Clear,SHOP_0,MED_3,LAW_12,True,RING_0
CLM_117,CN5874326470,CLM_RING_0_8,POL_CLM_RING_0_8_0,VEH_POL_CLM_RING_0_8_0,2025-12-07T18:12:54.381960,2025-12-04T18:12:54.381960,14912.99,Collision,Approved,Collision incident involving Nissan Rogue,Kimhaven,Fog,SHOP_0,MED_30,LAW_28,True,RING_0
CLM_118,CN6979889034,CLM_RING_0_9,POL_CLM_RING_0_9_0,VEH_POL_CLM_RING_0_9_0,2025-07-17T18:12:54.381960,2025-07-16T18:12:54.381960,32156.6,Uninsured Motorist,Open,Uninsured Motorist incident involving Toyota RAV4,Olsonton,Fog,SHOP_0,MED_4,LAW_16,True,RING_0
CLM_119,CN6156700859,CLM_RING_0_10,POL_CLM_RING_0_10_0,VEH_POL_CLM_RING_0_10_0,2025-12-12T18:12:54.381960,2025-12-08T18:12:54.381960,60847.12,Personal Injury Protection,Denied,Personal Injury Protection incident involving Ford Mustang,Andersonland,Snow,SHOP_0,MED_0,LAW_8,True,RING_0
CLM_120,CN3554453460,CLM_RING_1_0,POL_CLM_RING_1_0_0,VEH_POL_CLM_RING_1_0_0,2025-08-05T18:12:54.381960,2025-08-02T18:12:54.381960,38100.67,Personal Injury Protection,Open,Personal Injury Protection incident involving Chevrolet Tahoe,West Brenda,Clear,SHOP_0,MED_17,LAW_18,True,RING_1
CLM_121,CN4798854040,CLM_RING_1_1,POL_CLM_RING_1_1_0,VEH_POL_CLM_RING_1_1_0,2025-08-09T18:12:54.381960,2025-08-03T18:12:54.381960,36353.02,Uninsured Motorist,Under Investigation,Uninsured Motorist incident involving Toyota Corolla,North Stephanie,Clear,SHOP_0,MED_7,LAW_15,True,RING_1
CLM_122,CN648733003,CLM_RING_1_2,POL_CLM_RING_1_2_0,VEH_POL_CLM_RING_1_2_0,2025-09-18T18:12:54.381960,2025-09-14T18:12:54.381960,14996.32,Collision,Denied,Collision incident involving Nissan Altima,Ericburgh,Rain,SHOP_0,MED_1,LAW_6,True,RING_1
CLM_123,CN7496100742,CLM_RING_1_4,POL_CLM_RING_1_4_0,VEH_POL_CLM_RING_1_4_0,2025-11-02T18:12:54.381960,2025-11-01T18:12:54.381960,17720.97,Collision,Open,Collision incident involving Honda CR-V,Nicholsborough,Clear,SHOP_0,MED_2,LAW_11,True,RING_1
CLM_124,CN7854432785,CLM_RING_1_5,POL_CLM_RING_1_5_0,VEH_POL_CLM_RING_1_5_0,2025-11-26T18:12:54.381960,2025-11-21T18:12:54.381960,7885.86,Comprehensive,Approved,Comprehensive incident involving Ford Escape,Kristenton,Rain,SHOP_0,MED_2,LAW_14,True,RING_1
CLM_125,CN439195248,CLM_RING_1_6,POL_CLM_RING_1_6_0,VEH_POL_CLM_RING_1_6_0,2025-08-09T18:12:54.381960,2025-08-04T18:12:54.381960,8864.4,Comprehensive,Denied,Comprehensive incident involving Nissan Altima,West Brittanyview,Snow,SHOP_0,MED_11,LAW_7,True,RING_1
CLM_126,CN7765874070,CLM_RING_2_0,POL_CLM_RING_2_0_0,VEH_POL_CLM_RING_2_0_0,2025-10-07T18:12:54.382961,2025-10-06T18:12:54.382961,9971.73,Comprehensive,Open,Comprehensive incident involving Honda Accord,Burtonfurt,Rain,SHOP_33,MED_0,,True,RING_2
CLM_127,CN2317132712,CLM_RING_2_1,POL_CLM_RING_2_1_0,VEH_POL_CLM_RING_2_1_0,2025-09-18T18:12:54.382961,2025-09-16T18:12:54.382961,29981.07,Liability,Under Investigation,Liability incident involving Honda Civic,East Emilyburgh,Rain,SHOP_11,MED_0,,True,RING_2
CLM_128,CN554276258,CLM_RING_2_2,POL_CLM_RING_2_2_0,VEH_POL_CLM_RING_2_2_0,2025-09-24T18:12:54.382961,2025-09-22T18:12:54.382961,16765.92,Collision,Approved,Collision incident involving Toyota RAV4,South Cody,Clear,SHOP_41,MED_0,LAW_1,True,RING_2
CLM_129,CN164504900,CLM_RING_2_4,POL_CLM_RING_2_4_0,VEH_POL_CLM_RING_2_4_0,2025-10-17T18:12:54.382961,2025-10-13T18:12:54.382961,21006.31,Liability,Under Investigation,Liability incident involving Nissan Altima,Traviston,Clear,SHOP_18,MED_0,,True,RING_2
CLM_130,CN3402159898,CLM_RING_2_7,POL_CLM_RING_2_7_0,VEH_POL_CLM_RING_2_7_0,2025-08-08T18:12:54.382961,2025-08-04T18:12:54.382961,21830.55,Uninsured Motorist,Denied,Uninsured Motorist incident involving Ford Mustang,Goldenburgh,Rain,SHOP_49,MED_0,LAW_1,True,RING_2
CLM_131,CN3082427190,CLM_RING_2_8,POL_CLM_RING_2_8_0,VEH_POL_CLM_RING_2_8_0,2025-08-03T18:12:54.382961,2025-07-29T18:12:54.382961,38734.89,Uninsured Motorist,Denied,Uninsured Motorist incident involving Chevrolet Equinox,Higginsmouth,Fog,SHOP_16,MED_0,,True,RING_2
CLM_132,CN267442170,CLM_RING_2_9,POL_CLM_RING_2_9_0,VEH_POL_CLM_RING_2_9_0,2025-12-13T18:12:54.382961,2025-12-09T18:12:54.382961,27262.76,Liability,Under Investigation,Liability incident involving Chevrolet Silverado,Sarastad,Rain,SHOP_30,MED_0,LAW_0,True,RING_2
CLM_133,CN2674682809,CLM_RING_2_11,POL_CLM_RING_2_11_0,VEH_POL_CLM_RING_2_11_0,2025-07-10T18:12:54.382961,2025-07-08T18:12:54.382961,35863.49,Personal Injury Protection,Approved,Personal Injury Protection incident involving Ford Mustang,Davidmouth,Clear,SHOP_12,MED_0,LAW_0,True,RING_2
CLM_134,CN8156189060,CLM_RING_2_12,POL_CLM_RING_2_12_0,VEH_POL_CLM_RING_2_12_0,2025-11-25T18:12:54.382961,2025-11-19T18:12:54.382961,19489.06,Liability,Approved,Liability incident involving Honda Civic,South Janetberg,Clear,SHOP_15,MED_0,,True,RING_2
CLM_135,CN7987143855,CLM_RING_2_13,POL_CLM_RING_2_13_0,VEH_POL_CLM_RING_2_13_0,2025-11-02T18:12:54.382961,2025-10-31T18:12:54.382961,14206.15,Collision,Open,Collision incident involving Honda Pilot,South Melissa,Clear,SHOP_20,MED_0,LAW_1,True,RING_2
CLM_136,CN233435016,CLM_RING_3_0,POL_CLM_RING_3_0_0,VEH_POL_CLM_RING_3_0_0,2025-10-25T18:12:54.383962,2025-10-18T18:12:54.383962,21526.83,Liability,Approved,Liability incident involving Toyota RAV4,Johnfurt,Rain,SHOP_40,MED_0,,True,RING_3
CLM_137,CN6500142283,CLM_RING_3_1,POL_CLM_RING_3_1_0,VEH_POL_CLM_RING_3_1_0,2025-11-07T18:12:54.383962,2025-10-31T18:12:54.383962,8927.01,Comprehensive,Approved,Comprehensive incident involving Honda Pilot,East Lisa,Fog,SHOP_28,MED_0,LAW_2,True,RING_3
CLM_138,CN2657852027,CLM_RING_3_2,POL_CLM_RING_3_2_0,VEH_POL_CLM_RING_3_2_0,2025-08-27T18:12:54.383962,2025-08-23T18:12:54.383962,16514.77,Collision,Denied,Collision incident involving Ford F-150,West Morgan,Snow,SHOP_47,MED_0,LAW_1,True,RING_3
CLM_139,CN1544413647,CLM_RING_3_3,POL_CLM_RING_3_3_0,VEH_POL_CLM_RING_3_3_0,2025-10-06T18:12:54.383962,2025-10-04T18:12:54.383962,13280.36,Collision,Open,Collision incident involving Chevrolet Malibu,South Christinatown,Rain,SHOP_44,MED_0,LAW_2,True,RING_3
CLM_140,CN6925771792,CLM_RING_3_4,POL_CLM_RING_3_4_1,VEH_POL_CLM_RING_3_4_1,2025-12-01T18:12:54.383962,2025-11-28T18:12:54.383962,29962.27,Liability,Open,Liability incident involving Nissan Pathfinder,Weissside,Rain,SHOP_25,MED_0,,True,RING_3
CLM_141,CN3928896844,CLM_RING_3_5,POL_CLM_RING_3_5_0,VEH_POL_CLM_RING_3_5_0,2025-11-14T18:12:54.383962,2025-11-11T18:12:54.383962,10744.45,Collision,Under Investigation,Collision incident involving Toyota Corolla,Patriciaton,Rain,SHOP_29,MED_0,LAW_1,True,RING_3
CLM_142,CN4218694267,CLM_RING_3_6,POL_CLM_RING_3_6_0,VEH_POL_CLM_RING_3_6_0,2025-09-30T18:12:54.383962,2025-09-26T18:12:54.383962,7905.37,Comprehensive,Under Investigation,Comprehensive incident involving Honda Civic,South Perryside,Rain,SHOP_42,MED_0,LAW_1,True,RING_3
CLM_143,CN9847814918,CLM_RING_3_7,POL_CLM_RING_3_7_0,VEH_POL_CLM_RING_3_7_0,2025-12-14T18:12:54.383962,2025-12-09T18:12:54.383962,8178.85,Comprehensive,Under Investigation,Comprehensive incident involving Honda Civic,Victoriabury,Clear,SHOP_21,MED_0,LAW_0,True,RING_3
CLM_144,CN4319946029,CLM_RING_3_9,POL_CLM_RING_3_9_0,VEH_POL_CLM_RING_3_9_0,2025-07-31T18:12:54.383962,2025-07-24T18:12:54.383962,6946.12,Comprehensive,Denied,Comprehensive incident involving Toyota Corolla,Brownmouth,Rain,SHOP_14,MED_0,LAW_1,True,RING_3
CLM_145,CN7364016307,CLM_RING_4_0,POL_CLM_RING_4_0_0,VEH_POL_CLM_RING_4_0_0,2025-11-18T18:12:54.384964,2025-11-11T18:12:54.384964,23651.67,Liability,Under Investigation,Liability incident involving Honda CR-V,Lake Amandafort,Fog,SHOP_4,MED_1,LAW_11,True,RING_4
CLM_146,CN3812144835,CLM_RING_4_1,POL_CLM_RING_4_1_1,VEH_POL_CLM_RING_4_1_1,2025-11-03T18:12:54.384964,2025-10-28T18:12:54.384964,62075.9,Personal Injury Protection,Approved,Personal Injury Protection incident involving Honda Pilot,Hillbury,Rain,SHOP_3,MED_2,LAW_0,True,RING_4
CLM_147,CN6314935952,CLM_RING_4_2,POL_CLM_RING_4_2_0,VEH_POL_CLM_RING_4_2_0,2025-12-03T18:12:54.384964,2025-11-28T18:12:54.384964,63313.3,Personal Injury Protection,Approved,Personal Injury Protection incident involving Honda CR-V,West Justinton,Rain,SHOP_0,MED_1,LAW_0,True,RING_4
CLM_148,CN8363210221,CLM_RING_4_5,POL_CLM_RING_4_5_0,VEH_POL_CLM_RING_4_5_0,2025-09-08T18:12:54.384964,2025-09-01T18:12:54.384964,25895.63,Uninsured Motorist,Denied,Uninsured Motorist incident involving Honda CR-V,North Jose,Snow,SHOP_0,MED_3,LAW_2,True,RING_4
CLM_149,CN63377425,CLM_RING_4_6,POL_CLM_RING_4_6_0,VEH_POL_CLM_RING_4_6_0,2025-09-07T18:12:54.384964,2025-09-03T18:12:54.384964,22730.27,Uninsured Motorist,Approved,Uninsured Motorist incident involving Toyota Corolla,Penashire,Snow,SHOP_2,MED_1,LAW_2,True,RING_4
CLM_150,CN101364734,CLM_RING_4_7,POL_CLM_RING_4_7_0,VEH_POL_CLM_RING_4_7_0,2025-10-27T18:12:54.384964,2025-10-21T18:12:54.384964,10085.9,Comprehensive,Approved,Comprehensive incident involving Ford Escape,Colemanstad,Fog,SHOP_3,MED_3,LAW_2,True,RING_4
CLM_151,CN807766471,CLM_RING_4_8,POL_CLM_RING_4_8_0,VEH_POL_CLM_RING_4_8_0,2025-07-22T18:12:54.384964,2025-07-21T18:12:54.384964,56008.4,Personal Injury Protection,Denied,Personal Injury Protection incident involving Toyota Highlander,West Samanthaton,Clear,SHOP_3,MED_0,LAW_2,True,RING_4
CLM_152,CN6403547936,CLM_RING_5_0,POL_CLM_RING_5_0_0,VEH_POL_CLM_RING_5_0_0,2025-09-10T18:12:54.384964,2025-09-09T18:12:54.384964,25692.78,Uninsured Motorist,Open,Uninsured Motorist incident involving Nissan Altima,Timothyside,Snow,SHOP_3,MED_30,LAW_1,True,RING_5
CLM_153,CN8590955457,CLM_RING_5_1,POL_CLM_RING_5_1_0,VEH_POL_CLM_RING_5_1_0,2025-09-29T18:12:54.384964,2025-09-25T18:12:54.384964,16676.02,Collision,Under Investigation,Collision incident involving Nissan Sentra,Hectorport,Snow,SHOP_2,MED_1,LAW_2,True,RING_5
CLM_154,CN4399600121,CLM_RING_5_2,POL_CLM_RING_5_2_0,VEH_POL_CLM_RING_5_2_0,2025-12-31T18:12:54.385965,2025-12-28T18:12:54.385965,30308.21,Uninsured Motorist,Under Investigation,Uninsured Motorist incident involving Nissan Altima,New Franklin,Fog,SHOP_0,MED_3,LAW_2,True,RING_5
CLM_155,CN4306429014,CLM_RING_5_3,POL_CLM_RING_5_3_0,VEH_POL_CLM_RING_5_3_0,2025-10-28T18:12:54.385965,2025-10-26T18:12:54.385965,9559.16,Comprehensive,Denied,Comprehensive incident involving Nissan Pathfinder,West Leroy,Clear,SHOP_3,MED_1,LAW_28,True,RING_5
CLM_156,CN789347885,CLM_RING_5_4,POL_CLM_RING_5_4_0,VEH_POL_CLM_RING_5_4_0,2025-07-18T18:12:54.385965,2025-07-11T18:12:54.385965,7186.1,Comprehensive,Denied,Comprehensive incident involving Honda Accord,Heatherside,Snow,SHOP_2,MED_35,LAW_0,True,RING_5
CLM_157,CN1549316786,CLM_RING_5_5,POL_CLM_RING_5_5_0,VEH_POL_CLM_RING_5_5_0,2025-11-04T18:12:54.385965,2025-10-30T18:12:54.385965,57817.73,Personal Injury Protection,Denied,Personal Injury Protection incident involving Nissan Pathfinder,Meganton,Rain,SHOP_4,MED_3,LAW_4,True,RING_5
CLM_158,CN502796037,CLM_RING_5_6,POL_CLM_RING_5_6_1,VEH_POL_CLM_RING_5_6_1,2025-12-12T18:12:54.385965,2025-12-11T18:12:54.385965,5690.94,Comprehensive,Under Investigation,Comprehensive incident involving Ford Explorer,Ericmouth,Clear,SHOP_1,MED_3,LAW_0,True,RING_5
CLM_159,CN346263278,CLM_RING_5_7,POL_CLM_RING_5_7_0,VEH_POL_CLM_RING_5_7_0,2025-09-02T18:12:54.385965,2025-08-29T18:12:54.385965,9951.45,Comprehensive,Approved,Comprehensive incident involving Chevrolet Silverado,Tranfort,Fog,SHOP_3,MED_0,LAW_15,True,RING_5
CLM_160,CN1484024897,CLM_RING_5_8,POL_CLM_RING_5_8_0,VEH_POL_CLM_RING_5_8_0,2025-10-22T18:12:54.385965,2025-10-16T18:12:54.385965,41468.96,Personal Injury Protection,Under Investigation,Personal Injury Protection incident involving Nissan Sentra,Davidville,Rain,SHOP_4,MED_3,LAW_2,True,RING_5
CLM_161,CN7022714246,CLM_RING_5_9,POL_CLM_RING_5_9_0,VEH_POL_CLM_RING_5_9_0,2025-10-03T18:12:54.385965,2025-09-29T18:12:54.385965,6541.65,Comprehensive,Open,Comprehensive incident involving Honda Accord,New Angelland,Fog,SHOP_0,MED_0,LAW_0,True,RING_5
CLM_162,CN7824220034,CLM_RING_5_10,POL_CLM_RING_5_10_0,VEH_POL_CLM_RING_5_10_0,2025-09-16T18:12:54.385965,2025-09-14T18:12:54.385965,48846.52,Personal Injury Protection,Open,Personal Injury Protection incident involving Ford Escape,East Andrewtown,Fog,SHOP_1,MED_3,LAW_1,True,RING_5
CLM_163,CN6410725744,CLM_RING_5_12,POL_CLM_RING_5_12_0,VEH_POL_CLM_RING_5_12_0,2025-07-13T18:12:54.385965,2025-07-10T18:12:54.385965,26699.14,Liability,Under Investigation,Liability incident involving Toyota Highlander,West Jessicastad,Fog,SHOP_2,MED_25,LAW_1,True,RING_5
CLM_164,CN4585931958,CLM_RING_6_0,POL_CLM_RING_6_0_0,VEH_POL_CLM_RING_6_0_0,2025-11-05T18:12:54.386968,2025-11-01T18:12:54.386968,19160.73,Collision,Open,Collision incident involving Honda Civic,Carpenterborough,Fog,SHOP_3,MED_2,LAW_0,True,RING_6
CLM_165,CN3314370483,CLM_RING_6_1,POL_CLM_RING_6_1_0,VEH_POL_CLM_RING_6_1_0,2025-09-13T18:12:54.386968,2025-09-10T18:12:54.386968,13273.13,Collision,Under Investigation,Collision incident involving Chevrolet Tahoe,Russellberg,Clear,SHOP_0,MED_3,LAW_2,True,RING_6
CLM_166,CN5434114540,CLM_RING_6_2,POL_CLM_RING_6_2_0,VEH_POL_CLM_RING_6_2_0,2025-12-26T18:12:54.386968,2025-12-21T18:12:54.386968,16290.15,Collision,Under Investigation,Collision incident involving Honda CR-V,New Steven,Rain,SHOP_0,MED_2,LAW_2,True,RING_6
CLM_167,CN2627454015,CLM_RING_6_3,POL_CLM_RING_6_3_0,VEH_POL_CLM_RING_6_3_0,2025-10-14T18:12:54.386968,2025-10-08T18:12:54.386968,21162.49,Liability,Under Investigation,Liability incident involving Nissan Sentra,New Sharistad,Fog,SHOP_2,MED_1,LAW_24,True,RING_6
CLM_168,CN9464626010,CLM_RING_6_4,POL_CLM_RING_6_4_0,VEH_POL_CLM_RING_6_4_0,2025-12-26T18:12:54.386968,2025-12-23T18:12:54.386968,18255.31,Collision,Approved,Collision incident involving Ford F-150,South Tiffanystad,Snow,SHOP_4,MED_0,LAW_0,True,RING_6
CLM_169,CN1772859850,CLM_RING_6_6,POL_CLM_RING_6_6_0,VEH_POL_CLM_RING_6_6_0,2025-12-15T18:12:54.386968,2025-12-10T18:12:54.386968,32404.28,Liability,Denied,Liability incident involving Toyota RAV4,Shepherdmouth,Fog,SHOP_2,MED_3,LAW_1,True,RING_6
CLM_170,CN347693225,CLM_RING_7_0,POL_CLM_RING_7_0_0,VEH_POL_CLM_RING_7_0_0,2025-12-14T18:12:54.386968,2025-12-09T18:12:54.386968,48460.32,Personal Injury Protection,Denied,Personal Injury Protection incident involving Toyota RAV4,Mariaville,Fog,SHOP_3,MED_0,LAW_1,True,RING_7
CLM_171,CN5169360951,CLM_RING_7_1,POL_CLM_RING_7_1_0,VEH_POL_CLM_RING_7_1_0,2025-07-29T18:12:54.386968,2025-07-28T18:12:54.386968,36937.89,Uninsured Motorist,Approved,Uninsured Motorist incident involving Nissan Altima,New Megan,Clear,SHOP_1,MED_2,LAW_21,True,RING_7
CLM_172,CN2644196516,CLM_RING_7_2,POL_CLM_RING_7_2_0,VEH_POL_CLM_RING_7_2_0,2025-07-08T18:12:54.386968,2025-07-06T18:12:54.386968,28274.94,Liability,Open,Liability incident involving Ford F-150,Lake Lawrence,Snow,SHOP_0,MED_1,LAW_1,True,RING_7
CLM_173,CN8888514379,CLM_RING_7_3,POL_CLM_RING_7_3_0,VEH_POL_CLM_RING_7_3_0,2025-09-17T18:12:54.386968,2025-09-15T18:12:54.386968,8591.08,Comprehensive,Denied,Comprehensive incident involving Honda Civic,South Pedro,Fog,SHOP_9,MED_2,LAW_0,True,RING_7
CLM_174,CN5109693316,CLM_RING_7_4,POL_CLM_RING_7_4_0,VEH_POL_CLM_RING_7_4_0,2025-11-02T18:12:54.386968,2025-10-31T18:12:54.386968,24266.01,Liability,Approved,Liability incident involving Ford Explorer,Jaredchester,Snow,SHOP_0,MED_2,LAW_1,True,RING_7
CLM_175,CN2977880339,CLM_RING_7_6,POL_CLM_RING_7_6_0,VEH_POL_CLM_RING_7_6_0,2025-12-07T18:12:54.386968,2025-12-06T18:12:54.386968,25724.2,Uninsured Motorist,Under Investigation,Uninsured Motorist incident involving Nissan Altima,Lake Kevinmouth,Snow,SHOP_48,MED_1,LAW_1,True,RING_7
CLM_176,CN7697430061,CLM_RING_7_8,POL_CLM_RING_7_8_0,VEH_POL_CLM_RING_7_8_0,2025-08-31T18:12:54.386968,2025-08-27T18:12:54.386968,44302.81,Personal Injury Protection,Under Investigation,Personal Injury Protection incident involving Chevrolet Equinox,Stephanieside,Clear,SHOP_1,MED_1,LAW_5,True,RING_7
CLM_177,CN3266879426,CLM_RING_7_9,POL_CLM_RING_7_9_0,VEH_POL_CLM_RING_7_9_0,2025-09-23T18:12:54.386968,2025-09-16T18:12:54.386968,6884.17,Comprehensive,Open,Comprehensive incident involving Nissan Altima,Anthonyside,Fog,SHOP_0,MED_2,LAW_2,True,RING_7
CLM_178,CN6801765016,CLM_RING_7_10,POL_CLM_RING_7_10_1,VEH_POL_CLM_RING_7_10_1,2025-07-28T18:12:54.386968,2025-07-27T18:12:54.386968,30652.37,Liability,Denied,Liability incident involving Honda CR-V,West Patrickbury,Snow,SHOP_4,MED_0,LAW_20,True,RING_7
