vehicle_id,vin,policy_id,make,model,year,color,license_plate
VEH_POL_CLM_LEG_0_0,22ERRRSAU1861UAA1,POL_CLM_LEG_0_0,Nissan,Rogue,2017,CadetBlue,BU5477
VEH_POL_CLM_LEG_1_0,ENWF4KK1WM69M6MG8,POL_CLM_LEG_1_0,Honda,CR-V,2014,LightGoldenRodYellow,Rb438
VEH_POL_CLM_LEG_2_0,H9GATE03NY2XWBD4B,POL_CLM_LEG_2_0,Chevrolet,Silverado,2013,LavenderBlush,Ig8346
VEH_POL_CLM_LEG_3_0,NVSFZXKYYJWE4D0DD,POL_CLM_LEG_3_0,Toyota,Highlander,2017,Azure,pT6840
VEH_POL_CLM_LEG_4_0,X249MPFV7ZSHACDVT,POL_CLM_LEG_4_0,Toyota,Highlander,2013,Lime,Jx1518
VEH_POL_CLM_LEG_5_0,06YS9JB355MZRD56A,POL_CLM_LEG_5_0,Toyota,Camry,2021,Blue,ci1109
VEH_POL_CLM_LEG_6_0,MRX5D3GP8JN53Y3DZ,POL_CLM_LEG_6_0,Honda,Civic,2015,SteelBlue,jt1241
VEH_POL_CLM_LEG_7_0,PW3ZFNMAZ49E7DPBJ,POL_CLM_LEG_7_0,Toyota,Corolla,2011,LightCoral,bI1429
VEH_POL_CLM_LEG_8_0,5U10H85UZXR0SYYE4,POL_CLM_LEG_8_0,Ford,F-150,2021,RosyBrown,ci8483
VEH_POL_CLM_LEG_9_0,YF555CTH9BHYPHS3R,POL_CLM_LEG_9_0,Nissan,Altima,2010,LightGray,Be6956
VEH_POL_CLM_LEG_10_0,DTYDPVACWXLTGZ8MB,POL_CLM_LEG_10_0,Chevrolet,Tahoe,2015,SeaShell,IC3138
VEH_POL_CLM_LEG_11_0,VXSY0D2HM48KU0BFE,POL_CLM_LEG_11_0,Honda,Pilot,2015,GhostWhite,We4612
VEH_POL_CLM_LEG_12_0,XG7NS20DP74W2RY8E,POL_CLM_LEG_12_0,Chevrolet,Silverado,2014,Silver,an2103
VEH_POL_CLM_LEG_13_0,1VRW727ZF3DYXL6PX,POL_CLM_LEG_13_0,Chevrolet,Silverado,2018,Beige,rm5101
VEH_POL_CLM_LEG_14_0,89REP01K0507XGXKM,POL_CLM_LEG_14_0,Honda,CR-V,2016,Snow,qn3357
VEH_POL_CLM_LEG_15_0,UY02VW80Z6U5PADNB,POL_CLM_LEG_15_0,Honda,Civic,2018,Linen,ti1711
VEH_POL_CLM_LEG_16_0,1FKJ4ZK1B3D5151VH,POL_CLM_LEG_16_0,Toyota,Corolla,2014,Brown,Ax1086
VEH_POL_CLM_LEG_17_0,NP3Z8B1G55RHX0NW1,POL_CLM_LEG_17_0,Ford,F-150,2024,Brown,Zb4820
VEH_POL_CLM_LEG_18_0,R9C81DBKJF4AS7B7W,POL_CLM_LEG_18_0,Honda,Civic,2014,Orchid,ae196
VEH_POL_CLM_LEG_19_0,3VC0U8U2FUPM6YLK8,POL_CLM_LEG_19_0,Nissan,Sentra,2017,LightSteelBlue,hm1998
VEH_POL_CLM_LEG_20_0,49AZR6XX8ZL78NUK7,POL_CLM_LEG_20_0,Nissan,Pathfinder,2018,LavenderBlush,vx5471
VEH_POL_CLM_LEG_20_1,B6GT8F8UACZ25PDU0,POL_CLM_LEG_20_1,Ford,Mustang,2017,SaddleBrown,Kt2181
VEH_POL_CLM_LEG_21_0,ZA0BCFJC47PRPLNDA,POL_CLM_LEG_21_0,Chevrolet,Silverado,2021,BurlyWood,UE2404
VEH_POL_CLM_LEG_22_0,1B4MTKZXK7N4BFH13,POL_CLM_LEG_22_0,Nissan,Altima,2022,DarkSalmon,Ro9777
VEH_POL_CLM_LEG_23_0,EZ731N8VVEAWU8L16,POL_CLM_LEG_23_0,Nissan,Sentra,2020,MintCream,BW7606
VEH_POL_CLM_LEG_24_0,65EGXJDZVB19VYCZJ,POL_CLM_LEG_24_0,Ford,Escape,2016,DarkSeaGreen,Qf8013
VEH_POL_CLM_LEG_24_1,MZHKCGTLYZFV38FL2,POL_CLM_LEG_24_1,Honda,Pilot,2015,OldLace,YX1257
VEH_POL_CLM_LEG_25_0,MZLSR2TDYCK46G1X1,POL_CLM_LEG_25_0,Chevrolet,Malibu,2023,Turquoise,ZW9828
VEH_POL_CLM_LEG_26_0,WPW6VU9S2NH21KSTP,POL_CLM_LEG_26_0,Toyota,Camry,2023,SpringGreen,TJ7437
VEH_POL_CLM_LEG_27_0,H89Z1EFVV5E17B2HJ,POL_CLM_LEG_27_0,Nissan,Altima,2020,SlateGray,BE7175
VEH_POL_CLM_LEG_28_0,G6MSSB9L0U44JUFYN,POL_CLM_LEG_28_0,Honda,Accord,2020,NavajoWhite,en8193
VEH_POL_CLM_LEG_29_0,9HP3M36A6RHTKEFW3,POL_CLM_LEG_29_0,Toyota,RAV4,2016,Silver,DQ1252
VEH_POL_CLM_LEG_30_0,LDZSWYPJEWET6EF7U,POL_CLM_LEG_30_0,Honda,Pilot,2022,DarkSalmon,Yn9936
VEH_POL_CLM_LEG_31_0,0YKCR95F4W34GYJ0M,POL_CLM_LEG_31_0,Chevrolet,Silverado,2024,WhiteSmoke,fI9400
VEH_POL_CLM_LEG_32_0,NEAU7Z4WF6W5U1DY6,POL_CLM_LEG_32_0,Chevrolet,Silverado,2013,Ivory,ND2633
VEH_POL_CLM_LEG_33_0,7ZRP50R7S2M364WRJ,POL_CLM_LEG_33_0,Nissan,Altima,2024,BlueViolet,rG7807
VEH_POL_CLM_LEG_34_0,WUJA1AUUNG3PDRWJU,POL_CLM_LEG_34_0,Honda,Accord,2014,Ivory,cr5918
VEH_POL_CLM_LEG_35_0,KZ1P2SNVJLM015Y1R,POL_CLM_LEG_35_0,Nissan,Sentra,2019,DarkOrange,Lq5227
VEH_POL_CLM_LEG_36_0,T23XZBNX34SWCJNX0,POL_CLM_LEG_36_0,Honda,Accord,2013,MediumSpringGreen,VG6715
VEH_POL_CLM_LEG_37_0,8B2FTA57UG2T0XZMY,POL_CLM_LEG_37_0,Chevrolet,Malibu,2021,Teal,Zf7475
VEH_POL_CLM_LEG_38_0,2MPWU1CCK47M8KXG7,POL_CLM_LEG_38_0,Honda,Accord,2014,Ivory,rh8823
VEH_POL_CLM_LEG_39_0,FTVTMDTJU3JRNSJM2,POL_CLM_LEG_39_0,Nissan,Altima,2014,Black,FL6598
VEH_POL_CLM_LEG_40_0,DCX9ZHL8UA4JDZ4C7,POL_CLM_LEG_40_0,Chevrolet,Silverado,2017,Magenta,UR656
VEH_POL_CLM_LEG_40_1,HVG17G1HHJH44M2DC,POL_CLM_LEG_40_1,Chevrolet,Malibu,2015,LightBlue,OO1752
VEH_POL_CLM_LEG_41_0,584NL66VKG2TP1EUP,POL_CLM_LEG_41_0,Chevrolet,Silverado,2022,MediumVioletRed,FZ5226
VEH_POL_CLM_LEG_41_1,M52SDULAZNDM5GJJ8,POL_CLM_LEG_41_1,Nissan,Altima,2018,Teal,vN3157
VEH_POL_CLM_LEG_42_0,TG0N5KFEWHDJHRNE8,POL_CLM_LEG_42_0,Ford,Explorer,2012,DarkMagenta,XI5329
VEH_POL_CLM_LEG_43_0,APE6XULTJ5BDFHJ4D,POL_CLM_LEG_43_0,Honda,Pilot,2022,LawnGreen,Qz2297
VEH_POL_CLM_LEG_44_0,MV3MPMZWWYU9KLT2R,POL_CLM_LEG_44_0,Ford,Explorer,2015,BlanchedAlmond,xr5008
VEH_POL_CLM_LEG_44_1,KXEF3MXV5CFHLKJYJ,POL_CLM_LEG_44_1,Toyota,Highlander,2019,Gold,Xp9560
VEH_POL_CLM_LEG_45_0,W8PGA1Y80CFDC5VAP,POL_CLM_LEG_45_0,Chevrolet,Malibu,2021,Gainsboro,Cf9233
VEH_POL_CLM_LEG_46_0,XC7NH1REUFBM75S57,POL_CLM_LEG_46_0,Toyota,Camry,2014,Maroon,qb6726
VEH_POL_CLM_LEG_47_0,80FWXXVUYLMU3RNJL,POL_CLM_LEG_47_0,Nissan,Pathfinder,2012,Khaki,Hu6889
VEH_POL_CLM_LEG_48_0,KUZT1K23W3VG6RJ0Y,POL_CLM_LEG_48_0,Toyota,Corolla,2015,SaddleBrown,ai893
VEH_POL_CLM_LEG_49_0,CXU3XZJYUJGCEDSR0,POL_CLM_LEG_49_0,Chevrolet,Equinox,2014,SeaGreen,Oe5818
VEH_POL_CLM_LEG_50_0,ABUGDJ00HETML39S3,POL_CLM_LEG_50_0,Chevrolet,Equinox,2015,Gray,DJ4572
VEH_POL_CLM_LEG_51_0,1EJNUF6JNA90N9J9G,POL_CLM_LEG_51_0,Ford,F-150,2023,GhostWhite,dR5674
VEH_POL_CLM_LEG_52_0,N87F11VESKMBZ9HRA,POL_CLM_LEG_52_0,Toyota,Corolla,2017,MintCream,RP5705
VEH_POL_CLM_LEG_53_0,3AB2SWNCFDX79XBY0,POL_CLM_LEG_53_0,Ford,F-150,2016,MediumSlateBlue,Wo5236
VEH_POL_CLM_LEG_54_0,H9313RGZME6TRK0GG,POL_CLM_LEG_54_0,Toyota,Corolla,2017,LightGreen,sW590
VEH_POL_CLM_LEG_55_0,S5W5FUR4UR2T16XNX,POL_CLM_LEG_55_0,Ford,Explorer,2021,RoyalBlue,WH9723
VEH_POL_CLM_LEG_56_0,84GZ2FKPLDYB7FBDG,POL_CLM_LEG_56_0,Ford,F-150,2020,PaleVioletRed,DD8246
VEH_POL_CLM_LEG_57_0,TXWBH0A7Y74SYM164,POL_CLM_LEG_57_0,Toyota,Highlander,2020,Violet,IZ9630
VEH_POL_CLM_LEG_58_0,BCL88D0UGUJXF1PDY,POL_CLM_LEG_58_0,Toyota,RAV4,2018,FireBrick,PT2218
VEH_POL_CLM_LEG_59_0,Y6FFPMF9RML9LN2R0,POL_CLM_LEG_59_0,Ford,Mustang,2021,DarkMagenta,Wc634
VEH_POL_CLM_LEG_60_0,VNV1MR8ABKAE6A9HL,POL_CLM_LEG_60_0,Nissan,Rogue,2019,SaddleBrown,Xi149
VEH_POL_CLM_LEG_60_1,BMENWH3DP7103F4ZW,POL_CLM_LEG_60_1,Ford,Escape,2011,LightSalmon,bX5084
VEH_POL_CLM_LEG_61_0,1WCB2M3P55HYWA2NL,POL_CLM_LEG_61_0,Toyota,RAV4,2010,Snow,We2044
VEH_POL_CLM_LEG_62_0,VL0FZ991VCR2EMS1V,POL_CLM_LEG_62_0,Toyota,RAV4,2018,ForestGreen,sz1730
VEH_POL_CLM_LEG_63_0,T2EEVTYGX1JC2L7CZ,POL_CLM_LEG_63_0,Ford,F-150,2016,Red,xQ8057
VEH_POL_CLM_LEG_64_0,GMY2FM43XR7HZF1C1,POL_CLM_LEG_64_0,Chevrolet,Malibu,2015,WhiteSmoke,Sa4579
VEH_POL_CLM_LEG_65_0,4KM3LSL1GV1VX9ZZN,POL_CLM_LEG_65_0,Honda,Civic,2023,DarkGray,bS5089
VEH_POL_CLM_LEG_66_0,FK3XBYANJ5Y5A5YHN,POL_CLM_LEG_66_0,Nissan,Altima,2014,Pink,AE1340
VEH_POL_CLM_LEG_67_0,5UGTS7AJUMNFMMXH9,POL_CLM_LEG_67_0,Toyota,RAV4,2017,Turquoise,Aq4479
VEH_POL_CLM_LEG_68_0,CJN9988HMNE1UZ5ZP,POL_CLM_LEG_68_0,Nissan,Sentra,2022,DeepPink,Bi4789
VEH_POL_CLM_LEG_69_0,97LUGEU35L0UE99E7,POL_CLM_LEG_69_0,Nissan,Rogue,2016,Lime,Fd4239
VEH_POL_CLM_LEG_70_0,V8DL6026PPR767K2D,POL_CLM_LEG_70_0,Honda,CR-V,2011,PapayaWhip,Ef1883
VEH_POL_CLM_LEG_70_1,9XWXWHAC2E4SYGNSF,POL_CLM_LEG_70_1,Honda,Accord,2022,Azure,hG7588
VEH_POL_CLM_LEG_71_0,2AJP192C795TLSJPB,POL_CLM_LEG_71_0,Honda,Accord,2016,SeaGreen,Xa3783
VEH_POL_CLM_LEG_72_0,X1WU52UR4B9UP1VUX,POL_CLM_LEG_72_0,Chevrolet,Malibu,2016,LemonChiffon,ku7589
VEH_POL_CLM_LEG_73_0,R62KFK7Z6SYCTFW6V,POL_CLM_LEG_73_0,Toyota,Corolla,2014,BurlyWood,Ss4812
VEH_POL_CLM_LEG_74_0,RFW0GSJZ630EDRMUN,POL_CLM_LEG_74_0,Chevrolet,Tahoe,2015,Ivory,YW477
VEH_POL_CLM_LEG_75_0,VBFM55FE2BL18KF68,POL_CLM_LEG_75_0,Nissan,Rogue,2016,SandyBrown,pi5045
VEH_POL_CLM_LEG_76_0,S5UA6HWSPCWJVXV4B,POL_CLM_LEG_76_0,Toyota,RAV4,2010,OldLace,QB8685
VEH_POL_CLM_LEG_76_1,MEBWWLCD9FKY0VV81,POL_CLM_LEG_76_1,Honda,Accord,2020,SkyBlue,Qq9842
VEH_POL_CLM_LEG_77_0,2L6424CSE5LPGGBV9,POL_CLM_LEG_77_0,Ford,F-150,2011,Chocolate,Wn934
VEH_POL_CLM_LEG_78_0,0W30R4JVX7XT1T36H,POL_CLM_LEG_78_0,Nissan,Altima,2017,LightGoldenRodYellow,Zo8411
VEH_POL_CLM_LEG_79_0,DS31GXPBM3HYZJCKV,POL_CLM_LEG_79_0,Ford,Escape,2010,DarkGreen,ZD7246
VEH_POL_CLM_LEG_80_0,LPV84G47SSBEFS56S,POL_CLM_LEG_80_0,Toyota,Camry,2020,SteelBlue,LK2338
VEH_POL_CLM_LEG_81_0,UVZVAWL73CE4MNUFW,POL_CLM_LEG_81_0,Chevrolet,Silverado,2023,LightGoldenRodYellow,zK2635
VEH_POL_CLM_LEG_82_0,2L50JC5N4KUFNBGDT,POL_CLM_LEG_82_0,Honda,Accord,2023,LightSkyBlue,Db4628
VEH_POL_CLM_LEG_83_0,MS5LL2D9U9GBN5DLB,POL_CLM_LEG_83_0,Chevrolet,Equinox,2013,Wheat,hg3139
VEH_POL_CLM_LEG_84_0,SBUYLWL6LGKLRDEKA,POL_CLM_LEG_84_0,Nissan,Altima,2015,Chocolate,fG6979
VEH_POL_CLM_LEG_85_0,UVJ83VFL6UBA6BNCN,POL_CLM_LEG_85_0,Nissan,Altima,2013,LightSlateGray,pi4054
VEH_POL_CLM_LEG_86_0,MLG23C72VD30DLY2S,POL_CLM_LEG_86_0,Nissan,Pathfinder,2019,DarkBlue,qw6208
VEH_POL_CLM_LEG_87_0,6JMG7L5LTCDS4KMVT,POL_CLM_LEG_87_0,Honda,Civic,2023,Navy,gG2043
VEH_POL_CLM_LEG_88_0,VCKSWHJFSCGZR9VMZ,POL_CLM_LEG_88_0,Chevrolet,Silverado,2015,FireBrick,Dx9743
VEH_POL_CLM_LEG_88_1,7VTWSV4F8CD32NTYC,POL_CLM_LEG_88_1,Honda,Accord,2021,Cyan,Ed353
VEH_POL_CLM_LEG_89_0,EEUNWGZLV7L8R9MCA,POL_CLM_LEG_89_0,Honda,Accord,2022,LemonChiffon,rp7541
VEH_POL_CLM_LEG_90_0,EKNVB04M55H0PLNNU,POL_CLM_LEG_90_0,Nissan,Pathfinder,2023,LightPink,mU2532
VEH_POL_CLM_LEG_91_0,GN74F9ZECA0TR9CYP,POL_CLM_LEG_91_0,Honda,Pilot,2012,MidnightBlue,yZ7684
VEH_POL_CLM_LEG_92_0,FTVRMGWW4HTPVN9V0,POL_CLM_LEG_92_0,Chevrolet,Tahoe,2019,LightYellow,bY5416
VEH_POL_CLM_LEG_93_0,C1U51KUUXJXYZZUWX,POL_CLM_LEG_93_0,Toyota,Highlander,2021,HoneyDew,yi5164
VEH_POL_CLM_LEG_94_0,R6VLM9KFZWL2JXWVY,POL_CLM_LEG_94_0,Ford,F-150,2017,DarkGoldenRod,PQ2536
VEH_POL_CLM_LEG_95_0,SEC2JXKJ1W71YNF2H,POL_CLM_LEG_95_0,Ford,F-150,2014,GreenYellow,he5514
VEH_POL_CLM_LEG_96_0,98W441PNY0FW4BJ4B,POL_CLM_LEG_96_0,Honda,Accord,2015,LightGoldenRodYellow,gO1088
VEH_POL_CLM_LEG_97_0,K11UN0SE5A7RZ8ZB7,POL_CLM_LEG_97_0,Chevrolet,Tahoe,2017,DarkOrange,Lb2252
VEH_POL_CLM_LEG_97_1,75MJDYN211WGMZFVZ,POL_CLM_LEG_97_1,Ford,Mustang,2019,Black,ya8008
VEH_POL_CLM_LEG_98_0,DDRHKGAD7Y48Y0D5E,POL_CLM_LEG_98_0,Toyota,Camry,2016,DarkKhaki,pV6586
VEH_POL_CLM_LEG_99_0,DGKYCR92ZZ2J2KCN9,POL_CLM_LEG_99_0,Nissan,Rogue,2024,GreenYellow,dY541
VEH_POL_CLM_LEG_100_0,RT7XFTE2HY70DCVJR,POL_CLM_LEG_100_0,Ford,Explorer,2012,MistyRose,il1235
VEH_POL_CLM_LEG_101_0,Y7YJ06VU8TR422UA8,POL_CLM_LEG_101_0,Chevrolet,Equinox,2020,Magenta,qk6944
VEH_POL_CLM_LEG_102_0,U9MKB9YN5M42KGV8Y,POL_CLM_LEG_102_0,Chevrolet,Silverado,2019,Purple,Pp5988
VEH_POL_CLM_LEG_103_0,DZT6RGBA9HN3YT838,POL_CLM_LEG_103_0,Ford,Mustang,2024,Green,Jq2229
VEH_POL_CLM_LEG_104_0,B2BD3ZSZ5EW7BEYS7,POL_CLM_LEG_104_0,Toyota,Camry,2015,Maroon,XB1964
VEH_POL_CLM_LEG_105_0,YAX64DX4C3DWXCGM4,POL_CLM_LEG_105_0,Toyota,Corolla,2021,DarkRed,Ag5122
VEH_POL_CLM_LEG_106_0,9WE432WMDEPZVR7BD,POL_CLM_LEG_106_0,Chevrolet,Malibu,2011,Magenta,rV2321
VEH_POL_CLM_LEG_107_0,F6CA70WKZ3SEEJRHF,POL_CLM_LEG_107_0,Nissan,Pathfinder,2022,PaleVioletRed,YS1397
VEH_POL_CLM_LEG_108_0,T8X2MAHDUDM2UH2YK,POL_CLM_LEG_108_0,Toyota,Corolla,2021,White,rv5154
VEH_POL_CLM_LEG_109_0,E47TF7BNGJX6RDBUF,POL_CLM_LEG_109_0,Honda,Accord,2022,HoneyDew,CW5189
VEH_POL_CLM_LEG_110_0,D60WLGZL2LD15NHSS,POL_CLM_LEG_110_0,Toyota,Highlander,2018,WhiteSmoke,jz8682
VEH_POL_CLM_LEG_111_0,7SNE0X9GEZBE5SFM6,POL_CLM_LEG_111_0,Chevrolet,Equinox,2013,DarkSalmon,UP6041
VEH_POL_CLM_LEG_112_0,386WVHPU5HSSAR5JR,POL_CLM_LEG_112_0,Nissan,Rogue,2022,Chocolate,Ig4418
VEH_POL_CLM_LEG_113_0,VA9BS2BUS34RHVA18,POL_CLM_LEG_113_0,Honda,Civic,2024,Magenta,cl3137
VEH_POL_CLM_LEG_114_0,H9AZFSVW9SE0G5X0A,POL_CLM_LEG_114_0,Honda,CR-V,2014,DarkSlateBlue,mw9095
VEH_POL_CLM_LEG_115_0,ZUK10XVGZXM7T7NBN,POL_CLM_LEG_115_0,Toyota,Highlander,2024,NavajoWhite,Lo5698
VEH_POL_CLM_LEG_115_1,NY0V2EMUY115012L6,POL_CLM_LEG_115_1,Chevrolet,Silverado,2015,Teal,dS3379
VEH_POL_CLM_LEG_116_0,BNRT4SU46RNZZ96G6,POL_CLM_LEG_116_0,Nissan,Pathfinder,2014,MediumSeaGreen,Pk8322
VEH_POL_CLM_LEG_117_0,6K8DK0T5UXK8UEMRY,POL_CLM_LEG_117_0,Toyota,Camry,2016,Tomato,bv459
VEH_POL_CLM_LEG_118_0,A34UMWY2TYUVSV6L3,POL_CLM_LEG_118_0,Ford,Escape,2011,Snow,uc8144
VEH_POL_CLM_LEG_119_0,92BMSF70K94ZYFHBL,POL_CLM_LEG_119_0,Honda,Pilot,2015,Teal,fL7390
VEH_POL_CLM_LEG_120_0,NG0Y9ER9UEA7287F9,POL_CLM_LEG_120_0,Honda,Pilot,2014,HotPink,xq4828
VEH_POL_CLM_LEG_121_0,0SK89VEV6RZ16EVLP,POL_CLM_LEG_121_0,Nissan,Sentra,2020,DarkSeaGreen,wl4595
VEH_POL_CLM_LEG_122_0,DBYWH7KAURZCTGLW8,POL_CLM_LEG_122_0,Honda,Pilot,2015,Sienna,FF7904
VEH_POL_CLM_LEG_123_0,0RNAMLRVH61PRF161,POL_CLM_LEG_123_0,Ford,Mustang,2012,LightCoral,sX4480
VEH_POL_CLM_LEG_124_0,WCGS59C81CP7PV01E,POL_CLM_LEG_124_0,Chevrolet,Equinox,2023,Orange,qY9622
VEH_POL_CLM_LEG_125_0,VB44LVSAAJ84SY6PT,POL_CLM_LEG_125_0,Honda,Pilot,2014,LemonChiffon,ct6998
VEH_POL_CLM_LEG_126_0,2T9WMSRJZ94N1AJWE,POL_CLM_LEG_126_0,Honda,Accord,2011,LightSkyBlue,Zd799
VEH_POL_CLM_LEG_127_0,FJP7MKU7T2GD1U54Z,POL_CLM_LEG_127_0,Chevrolet,Equinox,2015,PowderBlue,ay9311
VEH_POL_CLM_LEG_127_1,0MUMEEK2P7FHT43VZ,POL_CLM_LEG_127_1,Ford,Explorer,2020,White,Gi6392
VEH_POL_CLM_LEG_128_0,SC47SLM36W2M0A3H5,POL_CLM_LEG_128_0,Nissan,Altima,2016,Lime,IB2062
VEH_POL_CLM_LEG_128_1,EECZ2C21BD3TBDJCZ,POL_CLM_LEG_128_1,Honda,Civic,2014,Salmon,xZ5980
VEH_POL_CLM_LEG_129_0,WWGZAE1KWM52XTC42,POL_CLM_LEG_129_0,Toyota,Camry,2024,HoneyDew,FD9727
VEH_POL_CLM_LEG_130_0,GK6U9DHT0NWR8FMNH,POL_CLM_LEG_130_0,Nissan,Rogue,2021,Khaki,YJ5761
VEH_POL_CLM_LEG_131_0,2LSUTMK0CTNS1Z4HP,POL_CLM_LEG_131_0,Honda,Pilot,2011,LightSteelBlue,PZ6223
VEH_POL_CLM_LEG_132_0,C4SZF9TDRYCEPWD79,POL_CLM_LEG_132_0,Chevrolet,Equinox,2023,Beige,Lg2289
VEH_POL_CLM_LEG_133_0,MW9E40K0WK3YPSWPS,POL_CLM_LEG_133_0,Toyota,RAV4,2013,DarkRed,bq399
VEH_POL_CLM_LEG_134_0,SETH8A14TAFWLKX2Y,POL_CLM_LEG_134_0,Ford,Escape,2022,SeaGreen,kx4149
VEH_POL_CLM_LEG_135_0,SKTTU3UA296DR5RBF,POL_CLM_LEG_135_0,Nissan,Pathfinder,2022,MidnightBlue,Um9880
VEH_POL_CLM_LEG_136_0,RLN2VTVUSVFBJWNZ2,POL_CLM_LEG_136_0,Ford,Escape,2017,PowderBlue,cf7112
VEH_POL_CLM_LEG_137_0,AB4M1A6MDMMMYJYW7,POL_CLM_LEG_137_0,Ford,Explorer,2010,Chocolate,KN3646
VEH_POL_CLM_LEG_138_0,MALS5V6JZW9NNV3DZ,POL_CLM_LEG_138_0,Toyota,RAV4,2011,DarkTurquoise,OV4143
VEH_POL_CLM_LEG_139_0,3ZFK8GX9C5HJKV3X8,POL_CLM_LEG_139_0,Ford,Mustang,2018,SeaGreen,bC9235
VEH_POL_CLM_LEG_140_0,MC3SG3YK3RUGPXR2F,POL_CLM_LEG_140_0,Nissan,Altima,2019,DarkTurquoise,zi5907
VEH_POL_CLM_LEG_141_0,TY47JY35670BGSH12,POL_CLM_LEG_141_0,Toyota,Corolla,2019,DarkKhaki,TE4860
VEH_POL_CLM_LEG_142_0,57X4JKFZHHEA3LT9P,POL_CLM_LEG_142_0,Chevrolet,Tahoe,2015,Green,hR6459
VEH_POL_CLM_LEG_143_0,JA3KVYB02B6LKC86Z,POL_CLM_LEG_143_0,Toyota,Corolla,2012,Chartreuse,ni6090
VEH_POL_CLM_LEG_144_0,0ED17U487J6HE3LWN,POL_CLM_LEG_144_0,Toyota,Highlander,2023,Chocolate,Po9576
VEH_POL_CLM_LEG_145_0,EF9RJWTN8LPZ867M0,POL_CLM_LEG_145_0,Honda,Pilot,2013,Lime,pR9789
VEH_POL_CLM_LEG_146_0,8W4Y8Z3HVL8M3E55N,POL_CLM_LEG_146_0,Ford,F-150,2020,Teal,Hq4381
VEH_POL_CLM_LEG_146_1,C4HG67X62PB548SP4,POL_CLM_LEG_146_1,Chevrolet,Malibu,2014,DeepSkyBlue,DJ9391
VEH_POL_CLM_LEG_147_0,FJCP1VLZ2YGRYAGLW,POL_CLM_LEG_147_0,Chevrolet,Silverado,2023,MintCream,jR3977
VEH_POL_CLM_LEG_148_0,U8424Z3LS1JZ43GPG,POL_CLM_LEG_148_0,Toyota,Corolla,2013,Pink,fY8181
VEH_POL_CLM_LEG_148_1,87YX69G0FPRJCN8D0,POL_CLM_LEG_148_1,Chevrolet,Equinox,2010,LightGray,KA4301
VEH_POL_CLM_LEG_149_0,ZD0G52KTE5W9KZPPE,POL_CLM_LEG_149_0,Chevrolet,Tahoe,2023,MediumSlateBlue,Zt9904
VEH_POL_CLM_LEG_150_0,X6NZSAELZZ001JDBL,POL_CLM_LEG_150_0,Ford,Explorer,2013,MidnightBlue,TN5800
VEH_POL_CLM_LEG_151_0,MXZ303ATN9ZE6BFFT,POL_CLM_LEG_151_0,Honda,Pilot,2024,SaddleBrown,UG1900
VEH_POL_CLM_LEG_152_0,C0RJL9T9KMR6J47UR,POL_CLM_LEG_152_0,Ford,Mustang,2012,ForestGreen,CU3162
VEH_POL_CLM_LEG_153_0,92E5Y3BEHBJ0R97BM,POL_CLM_LEG_153_0,Honda,CR-V,2021,DarkMagenta,FT4716
VEH_POL_CLM_LEG_154_0,T45ED5FFTK6WW9UVP,POL_CLM_LEG_154_0,Nissan,Pathfinder,2017,DarkTurquoise,CU1744
VEH_POL_CLM_LEG_155_0,TDLK9EN7DLAS0SXJY,POL_CLM_LEG_155_0,Toyota,Corolla,2022,Wheat,oi2376
VEH_POL_CLM_LEG_155_1,XR8963E53K31VWDJH,POL_CLM_LEG_155_1,Ford,F-150,2020,LightSeaGreen,bk3494
VEH_POL_CLM_LEG_156_0,5F2K1YDTR3LZEY4TT,POL_CLM_LEG_156_0,Chevrolet,Silverado,2010,HoneyDew,zQ2119
VEH_POL_CLM_LEG_157_0,VP13XRRBMSHZFTXUK,POL_CLM_LEG_157_0,Chevrolet,Tahoe,2014,Sienna,yg7563
VEH_POL_CLM_LEG_158_0,3K9ZKJRVV7TTPS03M,POL_CLM_LEG_158_0,Chevrolet,Silverado,2024,PaleTurquoise,rT498
VEH_POL_CLM_LEG_159_0,TDYFGNC5KWSZXJ85G,POL_CLM_LEG_159_0,Nissan,Altima,2022,LightSalmon,cr6380
VEH_POL_CLM_LEG_160_0,9JZRAPAYSPY10K3XZ,POL_CLM_LEG_160_0,Honda,Accord,2021,MediumSlateBlue,Qx1626
VEH_POL_CLM_LEG_161_0,EADA95GYYRX3GKSSA,POL_CLM_LEG_161_0,Chevrolet,Malibu,2011,Cyan,kJ6189
VEH_POL_CLM_LEG_161_1,08S5WGV4BAX0951WV,POL_CLM_LEG_161_1,Honda,Civic,2021,Lavender,Gf2011
VEH_POL_CLM_LEG_162_0,PT0765HCAWVJY6DXY,POL_CLM_LEG_162_0,Ford,F-150,2017,Azure,wa2225
VEH_POL_CLM_LEG_163_0,F0SRTWZ750S60NP8Y,POL_CLM_LEG_163_0,Chevrolet,Tahoe,2010,DarkSeaGreen,IT9881
VEH_POL_CLM_LEG_164_0,9FGZCSFFT38THV9MJ,POL_CLM_LEG_164_0,Ford,Mustang,2022,DodgerBlue,cE4783
VEH_POL_CLM_LEG_164_1,5T3MDHVT9222V655W,POL_CLM_LEG_164_1,Honda,Civic,2023,MediumSlateBlue,Lw2780
VEH_POL_CLM_LEG_165_0,838192X5DVTFDGM10,POL_CLM_LEG_165_0,Toyota,Camry,2024,Violet,Ti7247
VEH_POL_CLM_LEG_166_0,5FN4EG82A4SKFJ0PX,POL_CLM_LEG_166_0,Nissan,Pathfinder,2021,PeachPuff,FE4471
VEH_POL_CLM_LEG_167_0,1PH3PPS53MAEA38CL,POL_CLM_LEG_167_0,Honda,Civic,2022,Gainsboro,nN3443
VEH_POL_CLM_LEG_168_0,NB7EV99359P6050LM,POL_CLM_LEG_168_0,Honda,Pilot,2010,MediumAquaMarine,Sq3555
VEH_POL_CLM_LEG_169_0,PY6XXRM3Y26CUN06U,POL_CLM_LEG_169_0,Ford,Escape,2021,Khaki,OD3170
VEH_POL_CLM_LEG_170_0,DVU1FA3WH209DBNXM,POL_CLM_LEG_170_0,Nissan,Sentra,2013,DarkSlateBlue,TC8520
VEH_POL_CLM_LEG_170_1,K1R939V6XUWMK20Z0,POL_CLM_LEG_170_1,Toyota,Camry,2017,IndianRed,MA9477
VEH_POL_CLM_LEG_171_0,LW4MD04CC6SRNUWUP,POL_CLM_LEG_171_0,Nissan,Rogue,2011,GhostWhite,fw1961
VEH_POL_CLM_LEG_172_0,PR7T94EE0E05DHS18,POL_CLM_LEG_172_0,Ford,Mustang,2020,BlueViolet,ai6215
VEH_POL_CLM_LEG_173_0,5DNKUDLNKAE2P7LKG,POL_CLM_LEG_173_0,Ford,F-150,2019,AliceBlue,FC2705
VEH_POL_CLM_LEG_174_0,VCBSLRMN44EEY2ZE1,POL_CLM_LEG_174_0,Chevrolet,Silverado,2011,CornflowerBlue,qm4118
VEH_POL_CLM_LEG_175_0,HPU861Y50V30VEVGX,POL_CLM_LEG_175_0,Toyota,Highlander,2016,Turquoise,yK6269
VEH_POL_CLM_LEG_176_0,U1TAYU8KG44WCULWT,POL_CLM_LEG_176_0,Nissan,Altima,2019,MediumSpringGreen,nF1118
VEH_POL_CLM_LEG_177_0,FAUND9UKG2F8ZB8F0,POL_CLM_LEG_177_0,Toyota,RAV4,2016,MistyRose,wE4073
VEH_POL_CLM_LEG_178_0,LPLN4DG1WT1NDCSPS,POL_CLM_LEG_178_0,Ford,Mustang,2011,DarkOliveGreen,bw2973
VEH_POL_CLM_LEG_179_0,6J8ZJV2LPCXG8N92U,POL_CLM_LEG_179_0,Chevrolet,Equinox,2024,AntiqueWhite,JK9165
VEH_POL_CLM_LEG_179_1,AS4K9A7SW4NMXWTB1,POL_CLM_LEG_179_1,Chevrolet,Tahoe,2010,GoldenRod,eJ7424
VEH_POL_CLM_LEG_180_0,C04095GT368X90KYL,POL_CLM_LEG_180_0,Nissan,Altima,2014,Indigo,bQ9311
VEH_POL_CLM_LEG_181_0,L7E7XAAFVZTNC5YU6,POL_CLM_LEG_181_0,Honda,Pilot,2019,MistyRose,dE3433
VEH_POL_CLM_LEG_181_1,9NWN439ENGA12Z0G3,POL_CLM_LEG_181_1,Chevrolet,Silverado,2015,Lavender,DC3731
VEH_POL_CLM_LEG_182_0,98BT0WA9YDKTFG1ZW,POL_CLM_LEG_182_0,Ford,Escape,2013,DarkKhaki,iN7804
VEH_POL_CLM_LEG_183_0,ECJVHU2GZ9ZUJVR7Y,POL_CLM_LEG_183_0,Honda,Accord,2019,GoldenRod,rf5101
VEH_POL_CLM_LEG_184_0,4PEUTUB0B7ULNM639,POL_CLM_LEG_184_0,Toyota,RAV4,2016,Tomato,vd2619
VEH_POL_CLM_LEG_185_0,7GLCXARA374JS844U,POL_CLM_LEG_185_0,Honda,Pilot,2011,SaddleBrown,Qx9937
VEH_POL_CLM_LEG_185_1,WRDRE97N6Z2C3BXRD,POL_CLM_LEG_185_1,Honda,Accord,2022,Bisque,Hj6749
VEH_POL_CLM_LEG_186_0,5PXP52XRSRXDYZAUW,POL_CLM_LEG_186_0,Toyota,Camry,2014,YellowGreen,Tb4
VEH_POL_CLM_LEG_187_0,WC3GVYJP0RJ3BLR81,POL_CLM_LEG_187_0,Toyota,Camry,2010,Chocolate,Ej2831
VEH_POL_CLM_LEG_188_0,SWK9UYEH4VBM9YGCG,POL_CLM_LEG_188_0,Ford,Escape,2012,Black,JP7824
VEH_POL_CLM_LEG_188_1,Z5VMKLD57T7YZSHS2,POL_CLM_LEG_188_1,Chevrolet,Tahoe,2019,DarkBlue,kW1986
VEH_POL_CLM_LEG_189_0,P4AAMVERX7M9GKHJF,POL_CLM_LEG_189_0,Ford,Mustang,2013,Turquoise,LW4575
VEH_POL_CLM_LEG_190_0,GFJD4EY6MGSNNFU3X,POL_CLM_LEG_190_0,Nissan,Rogue,2012,MediumTurquoise,lp9768
VEH_POL_CLM_LEG_191_0,E73GNNW9JBXGU3LB3,POL_CLM_LEG_191_0,Chevrolet,Silverado,2011,MediumBlue,KA619
VEH_POL_CLM_LEG_191_1,123XFN61NUF0US8SW,POL_CLM_LEG_191_1,Honda,Pilot,2013,DarkSeaGreen,pn1235
VEH_POL_CLM_LEG_192_0,HG5PL6V7NVECRMWSX,POL_CLM_LEG_192_0,Nissan,Altima,2013,MediumOrchid,ZN8455
VEH_POL_CLM_LEG_193_0,RNTKARJC6KTVCKHDM,POL_CLM_LEG_193_0,Chevrolet,Tahoe,2017,SandyBrown,wh7540
VEH_POL_CLM_LEG_193_1,GLK3ZK099117AK42P,POL_CLM_LEG_193_1,Nissan,Rogue,2015,MistyRose,CY484
VEH_POL_CLM_LEG_194_0,Y985H0GHWVS3MC4R8,POL_CLM_LEG_194_0,Chevrolet,Silverado,2017,Gray,km225
VEH_POL_CLM_LEG_195_0,RVNWE8A34MPZP2ULA,POL_CLM_LEG_195_0,Chevrolet,Equinox,2017,Violet,Id7109
VEH_POL_CLM_LEG_196_0,99V37VNN8CNSL8YLF,POL_CLM_LEG_196_0,Toyota,Corolla,2012,AliceBlue,Ms1098
VEH_POL_CLM_LEG_197_0,4WAG7NGKUSNAL7N9E,POL_CLM_LEG_197_0,Nissan,Rogue,2010,SeaGreen,va2773
VEH_POL_CLM_LEG_198_0,C85EGR0SW7WTZKAEC,POL_CLM_LEG_198_0,Chevrolet,Tahoe,2021,LightSeaGreen,ho393
VEH_POL_CLM_LEG_199_0,LVTSBDY7M43N45PFX,POL_CLM_LEG_199_0,Chevrolet,Equinox,2018,BurlyWood,CG8949
VEH_POL_CLM_LEG_200_0,7GVN8H5KXK700HT9V,POL_CLM_LEG_200_0,Chevrolet,Tahoe,2016,Peru,FP5727
VEH_POL_CLM_LEG_201_0,D2LRJTSCZ1N15PAD7,POL_CLM_LEG_201_0,Ford,F-150,2022,Tomato,SY7939
VEH_POL_CLM_LEG_202_0,SCY0RSKF4XFE1FZAK,POL_CLM_LEG_202_0,Ford,Mustang,2017,MediumOrchid,vR8867
VEH_POL_CLM_LEG_202_1,HBZHZ43Y06NLBA227,POL_CLM_LEG_202_1,Chevrolet,Malibu,2012,MediumSlateBlue,aL5550
VEH_POL_CLM_LEG_203_0,DP9MGZH634FFPDLVG,POL_CLM_LEG_203_0,Ford,Escape,2013,DarkGray,tv706
VEH_POL_CLM_LEG_204_0,DHMFPLNSC3YNCHKW9,POL_CLM_LEG_204_0,Honda,Pilot,2016,LightYellow,NC2883
VEH_POL_CLM_LEG_205_0,8W9ZZ9ZLX6L5SMXWN,POL_CLM_LEG_205_0,Toyota,Corolla,2014,LightBlue,zA4772
VEH_POL_CLM_LEG_205_1,A2EHRJCETGNYH09R5,POL_CLM_LEG_205_1,Honda,Accord,2013,OrangeRed,iC2916
VEH_POL_CLM_LEG_206_0,Y2U9YKA4LHU6YJZ0X,POL_CLM_LEG_206_0,Honda,CR-V,2015,SteelBlue,Bv1710
VEH_POL_CLM_LEG_207_0,RA5CGXEGDW47HC0L0,POL_CLM_LEG_207_0,Chevrolet,Malibu,2012,Yellow,hs2200
VEH_POL_CLM_LEG_208_0,WLW8G5S8MNSPXRF8S,POL_CLM_LEG_208_0,Honda,Pilot,2012,BlueViolet,tY3702
VEH_POL_CLM_LEG_208_1,C6KUVFNLKVSL0G7A5,POL_CLM_LEG_208_1,Chevrolet,Tahoe,2023,LightPink,WQ5307
VEH_POL_CLM_LEG_209_0,789NTYWPB7NVGRJ70,POL_CLM_LEG_209_0,Ford,Mustang,2016,Brown,RS4247
VEH_POL_CLM_LEG_210_0,ZZY71HB3XZ0YJSZJW,POL_CLM_LEG_210_0,Nissan,Pathfinder,2020,PaleGoldenRod,jg7978
VEH_POL_CLM_LEG_211_0,2Y7PW6UGP4JK8YNLP,POL_CLM_LEG_211_0,Honda,Accord,2011,OliveDrab,qQ3168
VEH_POL_CLM_LEG_212_0,V33JG10AFTD2PPKRF,POL_CLM_LEG_212_0,Toyota,Camry,2020,LightYellow,Mm9404
VEH_POL_CLM_LEG_213_0,TTDVHG13G95R7DYCC,POL_CLM_LEG_213_0,Honda,Civic,2013,LightSlateGray,gB6187
VEH_POL_CLM_LEG_214_0,MWSZDC1AW9DUAW927,POL_CLM_LEG_214_0,Toyota,RAV4,2011,RosyBrown,qc7235
VEH_POL_CLM_LEG_215_0,RN6938YNBMLDS006E,POL_CLM_LEG_215_0,Chevrolet,Malibu,2019,PeachPuff,KG5896
VEH_POL_CLM_LEG_216_0,U81JRZ5TYAY8LX581,POL_CLM_LEG_216_0,Nissan,Altima,2023,White,uC4435
VEH_POL_CLM_LEG_217_0,S13M78SY0DNX05520,POL_CLM_LEG_217_0,Chevrolet,Equinox,2019,Crimson,Wf894
VEH_POL_CLM_LEG_217_1,3KZV5FRDYHG1YCR0F,POL_CLM_LEG_217_1,Toyota,Corolla,2017,Orchid,PZ7155
VEH_POL_CLM_LEG_218_0,K0Y8ZY7XT3LHW7CM7,POL_CLM_LEG_218_0,Ford,Mustang,2022,Salmon,Pj7025
VEH_POL_CLM_LEG_219_0,HJKDMWG8VELN1LWGN,POL_CLM_LEG_219_0,Chevrolet,Tahoe,2022,LightSteelBlue,fG7333
VEH_POL_CLM_LEG_220_0,NZ3UWHPUSE84TSWEY,POL_CLM_LEG_220_0,Chevrolet,Malibu,2022,LavenderBlush,PL7373
VEH_POL_CLM_LEG_221_0,TZK4VXHK8B3F047H1,POL_CLM_LEG_221_0,Toyota,RAV4,2014,WhiteSmoke,Nu3549
VEH_POL_CLM_LEG_222_0,N9Y59VMZ92NUKZG5N,POL_CLM_LEG_222_0,Honda,Pilot,2021,SaddleBrown,Ed1187
VEH_POL_CLM_LEG_222_1,35B7LYWRS6G3GYM5D,POL_CLM_LEG_222_1,Honda,CR-V,2022,DimGray,rK3485
VEH_POL_CLM_LEG_223_0,ZFBMS8DUMRE0JDPKW,POL_CLM_LEG_223_0,Honda,Pilot,2016,DarkOliveGreen,BV4357
VEH_POL_CLM_LEG_224_0,Z3Y25YKYNDCTZTAVV,POL_CLM_LEG_224_0,Honda,Pilot,2022,MintCream,RQ9791
VEH_POL_CLM_LEG_225_0,WN90KEL05UP0N32UC,POL_CLM_LEG_225_0,Ford,F-150,2022,Turquoise,jq4044
VEH_POL_CLM_LEG_226_0,186FWFV3EEGFV5B9T,POL_CLM_LEG_226_0,Nissan,Altima,2022,Purple,Ia4430
VEH_POL_CLM_LEG_226_1,9YJB86KUETL79XTZY,POL_CLM_LEG_226_1,Ford,Escape,2016,Purple,as643
VEH_POL_CLM_LEG_227_0,GK48WHMEXCJN6PCJR,POL_CLM_LEG_227_0,Toyota,Corolla,2010,SkyBlue,OL3291
VEH_POL_CLM_LEG_228_0,XJXY0VYTF4L2N8JJU,POL_CLM_LEG_228_0,Honda,Civic,2011,Orange,we8338
VEH_POL_CLM_LEG_229_0,LC72E3KD9H82EU5W3,POL_CLM_LEG_229_0,Nissan,Pathfinder,2011,RosyBrown,xz9501
VEH_POL_CLM_LEG_230_0,VKJDBL1F3Z3V6PWJZ,POL_CLM_LEG_230_0,Toyota,RAV4,2021,Fuchsia,BS9658
VEH_POL_CLM_LEG_231_0,N1B090JX0G93TKR86,POL_CLM_LEG_231_0,Honda,Civic,2012,DarkSlateGray,Wd3613
VEH_POL_CLM_LEG_232_0,58PLCC18FB1VT58PT,POL_CLM_LEG_232_0,Honda,CR-V,2020,DimGray,En5608
VEH_POL_CLM_LEG_233_0,T960PX71001J1846U,POL_CLM_LEG_233_0,Honda,Pilot,2017,SpringGreen,hj5967
VEH_POL_CLM_LEG_234_0,RF726FNEMBTF9MZ45,POL_CLM_LEG_234_0,Nissan,Altima,2019,Orange,El1185
VEH_POL_CLM_LEG_235_0,SJAXN778U6764BASK,POL_CLM_LEG_235_0,Toyota,RAV4,2014,DeepSkyBlue,pa440
VEH_POL_CLM_LEG_236_0,6GMDTCTFETFYHPKRG,POL_CLM_LEG_236_0,Toyota,Camry,2015,MediumSpringGreen,DQ8289
VEH_POL_CLM_LEG_237_0,YRE1A60DKEPLBY889,POL_CLM_LEG_237_0,Ford,F-150,2017,MediumVioletRed,YL1886
VEH_POL_CLM_LEG_238_0,V30L26T74NDDAFT2H,POL_CLM_LEG_238_0,Toyota,Highlander,2017,NavajoWhite,oj4996
VEH_POL_CLM_LEG_239_0,1RKT2JFTJ259J4G03,POL_CLM_LEG_239_0,Ford,Mustang,2019,Gainsboro,vX6362
VEH_POL_CLM_LEG_240_0,9WXHEB97RXDBPLXHM,POL_CLM_LEG_240_0,Nissan,Rogue,2013,Olive,ba9508
VEH_POL_CLM_LEG_241_0,RBDM80J6FAYLKKXRJ,POL_CLM_LEG_241_0,Chevrolet,Silverado,2018,Yellow,YU13
VEH_POL_CLM_LEG_242_0,LDAV5L1M2UNYGN6E1,POL_CLM_LEG_242_0,Chevrolet,Malibu,2015,MediumSeaGreen,FZ8809
VEH_POL_CLM_LEG_243_0,863GRD8XKS2UFEP06,POL_CLM_LEG_243_0,Toyota,Camry,2019,HotPink,AP9924
VEH_POL_CLM_LEG_244_0,NXDRSU83FK8K8C9G3,POL_CLM_LEG_244_0,Nissan,Sentra,2024,Brown,Sn505
VEH_POL_CLM_LEG_245_0,RTVNXGAVWA7TT0J5K,POL_CLM_LEG_245_0,Chevrolet,Silverado,2012,Green,re4028
VEH_POL_CLM_LEG_245_1,HUKY8KE5B99GDYX9L,POL_CLM_LEG_245_1,Ford,F-150,2012,PaleGreen,vP3097
VEH_POL_CLM_LEG_246_0,E6K9XAM1KJAY57W0Z,POL_CLM_LEG_246_0,Nissan,Sentra,2021,DarkSalmon,LG5294
VEH_POL_CLM_LEG_247_0,RLGX5PR1RESTS3FV8,POL_CLM_LEG_247_0,Ford,Escape,2023,PowderBlue,UI4373
VEH_POL_CLM_LEG_248_0,L63ZGERSYP0E1ADND,POL_CLM_LEG_248_0,Honda,CR-V,2010,Red,UZ7228
VEH_POL_CLM_LEG_249_0,JCEXA88D1M0GSVRFL,POL_CLM_LEG_249_0,Toyota,Camry,2012,Black,VF712
VEH_POL_CLM_LEG_249_1,UJUABUD6PAHHNMK7Z,POL_CLM_LEG_249_1,Honda,Civic,2010,Pink,cb8171
VEH_POL_CLM_LEG_250_0,9H8KCMM7CBERMFR6Z,POL_CLM_LEG_250_0,Toyota,Highlander,2012,LightPink,yg4554
VEH_POL_CLM_LEG_251_0,5JTNJ633592EER393,POL_CLM_LEG_251_0,Nissan,Sentra,2015,LawnGreen,pC514
VEH_POL_CLM_LEG_252_0,KC9GNLPZP3M3YJPTU,POL_CLM_LEG_252_0,Toyota,Highlander,2021,CadetBlue,Yr9687
VEH_POL_CLM_LEG_253_0,C0U23HCMG5MSED7M5,POL_CLM_LEG_253_0,Nissan,Rogue,2016,Cyan,UQ7998
VEH_POL_CLM_LEG_254_0,E597J4BE80NA8N0YC,POL_CLM_LEG_254_0,Honda,CR-V,2017,Magenta,sm6349
VEH_POL_CLM_LEG_254_1,EEJA4P2SEU8S0RYAD,POL_CLM_LEG_254_1,Nissan,Rogue,2010,Purple,fQ6251
VEH_POL_CLM_LEG_255_0,1TA4Z5V47T0PF9U9E,POL_CLM_LEG_255_0,Toyota,Camry,2019,LawnGreen,GS7510
VEH_POL_CLM_LEG_255_1,BN49WCZSYPNBNPJDM,POL_CLM_LEG_255_1,Honda,Pilot,2019,PowderBlue,lf5861
VEH_POL_CLM_LEG_256_0,KUCW1LVYBJ9VV3BL8,POL_CLM_LEG_256_0,Ford,F-150,2013,Silver,TF4932
VEH_POL_CLM_LEG_256_1,KPG1090DP1D3EWNW5,POL_CLM_LEG_256_1,Toyota,RAV4,2022,AntiqueWhite,Vu4177
VEH_POL_CLM_LEG_257_0,ZCX8HHZE09T9XU2RE,POL_CLM_LEG_257_0,Ford,Escape,2012,Navy,GB7030
VEH_POL_CLM_LEG_258_0,5R62NGXCFXT3E5V82,POL_CLM_LEG_258_0,Ford,Explorer,2019,DarkRed,Hj4759
VEH_POL_CLM_LEG_259_0,SFKCWMC0S992R789T,POL_CLM_LEG_259_0,Toyota,Highlander,2011,Yellow,UF5039
VEH_POL_CLM_LEG_260_0,PXZRTXLCPR59B9B30,POL_CLM_LEG_260_0,Ford,Explorer,2016,CornflowerBlue,rk8012
VEH_POL_CLM_LEG_261_0,5KFPCNSDSY6SC1772,POL_CLM_LEG_261_0,Nissan,Altima,2012,Tan,xo1040
VEH_POL_CLM_LEG_262_0,CMWH1DSU8EHV92C33,POL_CLM_LEG_262_0,Honda,Pilot,2015,LightCoral,gU9901
VEH_POL_CLM_LEG_263_0,GA2PJFEKC5RPH6GB6,POL_CLM_LEG_263_0,Chevrolet,Equinox,2010,SteelBlue,GE2836
VEH_POL_CLM_LEG_264_0,KG8SU28R7V4V6G0WE,POL_CLM_LEG_264_0,Chevrolet,Malibu,2022,PeachPuff,nT4230
VEH_POL_CLM_LEG_265_0,67TL3ZJ0985XYWB1G,POL_CLM_LEG_265_0,Ford,F-150,2012,ForestGreen,fO2638
VEH_POL_CLM_LEG_266_0,NM89WA3A6T50YSPMU,POL_CLM_LEG_266_0,Nissan,Rogue,2019,DarkSlateBlue,nT3584
VEH_POL_CLM_LEG_267_0,7SNVFRKYZX076DC4C,POL_CLM_LEG_267_0,Nissan,Sentra,2011,Violet,kh5145
VEH_POL_CLM_LEG_268_0,T17DRWBKPHSNGSE87,POL_CLM_LEG_268_0,Toyota,Highlander,2011,Bisque,aD2013
VEH_POL_CLM_LEG_269_0,82TJYL67ZA6BA34U1,POL_CLM_LEG_269_0,Chevrolet,Tahoe,2010,HotPink,iQ110
VEH_POL_CLM_LEG_270_0,89H9GY43WEX9F6URD,POL_CLM_LEG_270_0,Ford,Explorer,2012,LightSteelBlue,Tr8379
VEH_POL_CLM_LEG_271_0,WN274FLDAA2FXU9VA,POL_CLM_LEG_271_0,Honda,Accord,2020,LightGoldenRodYellow,Xw6879
VEH_POL_CLM_LEG_272_0,XMH6KUJ222YK7XYWD,POL_CLM_LEG_272_0,Honda,Pilot,2020,SaddleBrown,YE1164
VEH_POL_CLM_LEG_273_0,EJFC47GD3PTXGP6XR,POL_CLM_LEG_273_0,Chevrolet,Silverado,2011,Moccasin,Qr1809
VEH_POL_CLM_LEG_274_0,AFVXB99SXVF17GAAT,POL_CLM_LEG_274_0,Honda,Civic,2014,SandyBrown,PS6223
VEH_POL_CLM_LEG_275_0,N6AECZEKGD0YS3R87,POL_CLM_LEG_275_0,Honda,Civic,2023,Orange,as5171
VEH_POL_CLM_LEG_276_0,Z6KNW2L38T6P13XXR,POL_CLM_LEG_276_0,Ford,Escape,2013,PapayaWhip,JL3779
VEH_POL_CLM_LEG_277_0,64R68JPW58UPD3RGJ,POL_CLM_LEG_277_0,Nissan,Sentra,2015,DarkBlue,gz5080
VEH_POL_CLM_LEG_278_0,ELAZ0HVLHCKHHV083,POL_CLM_LEG_278_0,Honda,CR-V,2015,NavajoWhite,CP6564
VEH_POL_CLM_LEG_279_0,1LLG3T9PEFLNWKY59,POL_CLM_LEG_279_0,Toyota,Highlander,2020,SlateGray,YQ7374
VEH_POL_CLM_LEG_280_0,4P67BYCD30K1PVLXN,POL_CLM_LEG_280_0,Chevrolet,Malibu,2012,PaleGoldenRod,xE7094
VEH_POL_CLM_LEG_281_0,Y747DH4E950HC033U,POL_CLM_LEG_281_0,Chevrolet,Tahoe,2023,OliveDrab,zq7875
VEH_POL_CLM_LEG_282_0,6BBLJZ3N07WDLEW56,POL_CLM_LEG_282_0,Toyota,Camry,2014,OrangeRed,cJ5780
VEH_POL_CLM_LEG_282_1,UWY9L1HJKCV5Y1GC9,POL_CLM_LEG_282_1,Chevrolet,Silverado,2018,DarkSalmon,aG5603
VEH_POL_CLM_LEG_283_0,ZSNTM32TL80Y4DE7N,POL_CLM_LEG_283_0,Toyota,Corolla,2010,DarkSlateGray,LB5092
VEH_POL_CLM_LEG_284_0,PCPZ8WDSDDASJSUMD,POL_CLM_LEG_284_0,Chevrolet,Equinox,2022,MediumPurple,ul1156
VEH_POL_CLM_LEG_285_0,RETTBJDY1PKPWUTRZ,POL_CLM_LEG_285_0,Nissan,Altima,2015,SlateGray,xd4710
VEH_POL_CLM_LEG_286_0,D6VHUK60PNH4ZTFGY,POL_CLM_LEG_286_0,Honda,Accord,2013,WhiteSmoke,HF8670
VEH_POL_CLM_LEG_286_1,AG6X15ZFZFLS8YRA9,POL_CLM_LEG_286_1,Nissan,Sentra,2021,DarkSlateBlue,LJ8212
VEH_POL_CLM_LEG_287_0,2AMSA5SBAZKHT12D3,POL_CLM_LEG_287_0,Toyota,Corolla,2020,SlateBlue,jD5907
VEH_POL_CLM_LEG_288_0,19JTNAM06256WDZ1A,POL_CLM_LEG_288_0,Ford,Mustang,2017,Lime,Vr2322
VEH_POL_CLM_LEG_289_0,9MBWZRGC7NDKXU795,POL_CLM_LEG_289_0,Chevrolet,Equinox,2020,FireBrick,aB1261
VEH_POL_CLM_LEG_290_0,Z6NP9LBUMXRS83K8T,POL_CLM_LEG_290_0,Honda,CR-V,2024,MistyRose,Sc6785
VEH_POL_CLM_LEG_291_0,E8XYLK3ABKWBLRYAJ,POL_CLM_LEG_291_0,Honda,Pilot,2020,FloralWhite,MI7658
VEH_POL_CLM_LEG_292_0,5Y2FCJ9GWCHSM3YP8,POL_CLM_LEG_292_0,Ford,Explorer,2022,Lavender,PH7074
VEH_POL_CLM_LEG_293_0,KLVZLWZGEVKCVXVN5,POL_CLM_LEG_293_0,Toyota,RAV4,2024,LightSalmon,cd6224
VEH_POL_CLM_LEG_294_0,UZTZMMS8S7A2CE62W,POL_CLM_LEG_294_0,Chevrolet,Silverado,2012,Silver,it6797
VEH_POL_CLM_LEG_295_0,UVK1NPA35SBB4YMDK,POL_CLM_LEG_295_0,Ford,Escape,2019,Plum,mL613
VEH_POL_CLM_LEG_296_0,C1Z1BGE1THZ5KL9AT,POL_CLM_LEG_296_0,Chevrolet,Malibu,2023,LemonChiffon,kZ1437
VEH_POL_CLM_LEG_296_1,AWDDGS4RBEP944V4Z,POL_CLM_LEG_296_1,Honda,Accord,2011,LightCyan,pd3178
VEH_POL_CLM_LEG_297_0,EAE1HT0GSKDWNKN3S,POL_CLM_LEG_297_0,Nissan,Altima,2016,DarkCyan,IS3111
VEH_POL_CLM_LEG_297_1,KDNWBYYR6ME6SAFT5,POL_CLM_LEG_297_1,Chevrolet,Equinox,2010,LawnGreen,pb1294
VEH_POL_CLM_LEG_298_0,0NCYM0M02K2KN7YNS,POL_CLM_LEG_298_0,Honda,CR-V,2024,DarkMagenta,hZ8328
VEH_POL_CLM_LEG_299_0,0WWW4CA1HYTZLH273,POL_CLM_LEG_299_0,Honda,CR-V,2012,LightGray,Qb6561
VEH_POL_CLM_LEG_300_0,61PCXD4C2X47L0N9V,POL_CLM_LEG_300_0,Toyota,Corolla,2021,MidnightBlue,qG8712
VEH_POL_CLM_LEG_301_0,TZH1RU3CA8DBEA2V5,POL_CLM_LEG_301_0,Honda,Civic,2014,MediumBlue,vH8161
VEH_POL_CLM_LEG_302_0,17YT4VSMXVECRNCC2,POL_CLM_LEG_302_0,Ford,Escape,2020,MediumAquaMarine,xi4743
VEH_POL_CLM_LEG_303_0,TBUA4K4NM5FKUHUXL,POL_CLM_LEG_303_0,Ford,F-150,2011,MintCream,jK6433
VEH_POL_CLM_LEG_304_0,0DS7JAMJM2EV17Y5H,POL_CLM_LEG_304_0,Nissan,Altima,2018,DarkKhaki,ve4529
VEH_POL_CLM_LEG_305_0,98WXCV8JBBTYRL59A,POL_CLM_LEG_305_0,Toyota,Camry,2015,GoldenRod,AM7495
VEH_POL_CLM_LEG_305_1,2GXNZASNNE0VDDX6M,POL_CLM_LEG_305_1,Toyota,Camry,2022,LightCoral,wD8573
VEH_POL_CLM_LEG_306_0,BHWH163V9A03CEFBM,POL_CLM_LEG_306_0,Ford,Mustang,2024,HotPink,ue7423
VEH_POL_CLM_LEG_307_0,XSECJUT1M7H082KYU,POL_CLM_LEG_307_0,Honda,CR-V,2012,YellowGreen,mP8219
VEH_POL_CLM_LEG_307_1,UDMP8TC74ULVE03BH,POL_CLM_LEG_307_1,Ford,Explorer,2021,SaddleBrown,Tf3957
VEH_POL_CLM_LEG_308_0,A4JWK8B5NANRHNYUY,POL_CLM_LEG_308_0,Chevrolet,Tahoe,2011,MediumPurple,wz6950
VEH_POL_CLM_LEG_309_0,AX6763W1M4RR11BDN,POL_CLM_LEG_309_0,Toyota,RAV4,2024,Plum,pQ3331
VEH_POL_CLM_LEG_310_0,VVUFN17EA38CJUMPX,POL_CLM_LEG_310_0,Ford,Mustang,2016,Yellow,TZ9423
VEH_POL_CLM_LEG_311_0,JY2ALY44RAABMYVPW,POL_CLM_LEG_311_0,Ford,Explorer,2020,MidnightBlue,TV8801
VEH_POL_CLM_LEG_312_0,XLCF2K5EXEXBDBZ5W,POL_CLM_LEG_312_0,Toyota,RAV4,2024,PowderBlue,Qq1118
VEH_POL_CLM_LEG_313_0,899A45UBHDTDCGV4Z,POL_CLM_LEG_313_0,Toyota,Corolla,2010,SandyBrown,PI2307
VEH_POL_CLM_LEG_314_0,KAXM96N8KBNKEWDGL,POL_CLM_LEG_314_0,Toyota,Highlander,2024,MediumOrchid,Ry752
VEH_POL_CLM_LEG_315_0,NWYE2Y889V9X1UE53,POL_CLM_LEG_315_0,Nissan,Sentra,2013,DarkRed,MN9554
VEH_POL_CLM_LEG_316_0,URJ4KJJ2MS1DH16MM,POL_CLM_LEG_316_0,Nissan,Pathfinder,2020,DarkOliveGreen,XV7080
VEH_POL_CLM_LEG_317_0,MSH2H497J7ZYW3MDP,POL_CLM_LEG_317_0,Nissan,Altima,2024,DarkSeaGreen,qB9875
VEH_POL_CLM_LEG_318_0,T6GFRFP20SD54AFCT,POL_CLM_LEG_318_0,Nissan,Rogue,2019,Linen,OE6896
VEH_POL_CLM_LEG_318_1,PEZHKM4MXD0C787X1,POL_CLM_LEG_318_1,Nissan,Pathfinder,2024,FloralWhite,Lm6444
VEH_POL_CLM_LEG_319_0,SEG277C6WNYNRTW8D,POL_CLM_LEG_319_0,Chevrolet,Malibu,2022,WhiteSmoke,si7071
VEH_POL_CLM_LEG_319_1,BUUT7KN18B861RK6L,POL_CLM_LEG_319_1,Ford,Mustang,2015,Violet,xh7950
VEH_POL_CLM_LEG_320_0,DKR6K7917YEG41A68,POL_CLM_LEG_320_0,Ford,Explorer,2012,Salmon,mB7887
VEH_POL_CLM_LEG_321_0,T4NK8RRER707D6TCE,POL_CLM_LEG_321_0,Nissan,Rogue,2010,BurlyWood,fa2148
VEH_POL_CLM_LEG_322_0,31HCFMR1ZCZ6BD0UG,POL_CLM_LEG_322_0,Ford,F-150,2015,Snow,eM952
VEH_POL_CLM_LEG_322_1,XJW5HGSSGTEXCU0HR,POL_CLM_LEG_322_1,Nissan,Altima,2020,Maroon,UV2084
VEH_POL_CLM_LEG_323_0,FPJNWYSYFKHKT3NMS,POL_CLM_LEG_323_0,Chevrolet,Equinox,2021,Aqua,mI7441
VEH_POL_CLM_LEG_324_0,862PRJRF8YMPE645W,POL_CLM_LEG_324_0,Toyota,Corolla,2011,DimGray,gi2034
VEH_POL_CLM_LEG_325_0,JH5PVLZP3RJBTHXBR,POL_CLM_LEG_325_0,Honda,Accord,2014,Moccasin,Oe9373
VEH_POL_CLM_LEG_325_1,GX8XLWA03C072VYUM,POL_CLM_LEG_325_1,Honda,Civic,2018,BlueViolet,Or5764
VEH_POL_CLM_LEG_326_0,U5H37LH18BA8DPTFK,POL_CLM_LEG_326_0,Honda,Civic,2023,Olive,kt4434
VEH_POL_CLM_LEG_327_0,JE2YE1JCC02PA4WF1,POL_CLM_LEG_327_0,Honda,Civic,2010,PapayaWhip,Sl2465
VEH_POL_CLM_LEG_328_0,WLLTAKGJYSKD8VS6U,POL_CLM_LEG_328_0,Chevrolet,Equinox,2023,Blue,gz5514
VEH_POL_CLM_LEG_329_0,91820RWA2RSDLEXCV,POL_CLM_LEG_329_0,Honda,Pilot,2010,Peru,An3863
VEH_POL_CLM_LEG_330_0,JEXS0VH2JLMELVPAZ,POL_CLM_LEG_330_0,Honda,Pilot,2019,HotPink,Rw597
VEH_POL_CLM_LEG_331_0,T8HSSV117RCEAUEG5,POL_CLM_LEG_331_0,Nissan,Pathfinder,2018,Turquoise,js3090
VEH_POL_CLM_LEG_332_0,PF3T1VPKRK7ZUXNYE,POL_CLM_LEG_332_0,Toyota,Camry,2024,DarkSeaGreen,yi5292
VEH_POL_CLM_LEG_333_0,X0UJS7705EU4APEC9,POL_CLM_LEG_333_0,Nissan,Rogue,2022,LawnGreen,RI1496
VEH_POL_CLM_LEG_334_0,ZULCSFMVHX7K45WLX,POL_CLM_LEG_334_0,Ford,Escape,2013,LightSalmon,ap879
VEH_POL_CLM_LEG_335_0,UYCF1KJD3W2L2WK35,POL_CLM_LEG_335_0,Chevrolet,Malibu,2018,Snow,uu9753
VEH_POL_CLM_LEG_336_0,AHH7XESAC9E3RSK2H,POL_CLM_LEG_336_0,Chevrolet,Equinox,2012,Violet,se4483
VEH_POL_CLM_LEG_337_0,NSLUU6488404VT3ZV,POL_CLM_LEG_337_0,Chevrolet,Tahoe,2022,DimGray,dj4638
VEH_POL_CLM_LEG_338_0,ANSZ1HV98NF1ARUAL,POL_CLM_LEG_338_0,Chevrolet,Malibu,2012,Wheat,tm5677
VEH_POL_CLM_LEG_339_0,J7XBKSBZJX94579XT,POL_CLM_LEG_339_0,Toyota,RAV4,2024,BurlyWood,Fr6046
VEH_POL_CLM_LEG_340_0,NX00F5C4DR0L5K5Y1,POL_CLM_LEG_340_0,Chevrolet,Silverado,2010,Aquamarine,WV9834
VEH_POL_CLM_LEG_341_0,06W8U8P4ZC4T1CRKG,POL_CLM_LEG_341_0,Ford,Explorer,2024,HotPink,Vp3016
VEH_POL_CLM_LEG_342_0,X48LVDS4C7C7GCLXA,POL_CLM_LEG_342_0,Nissan,Pathfinder,2012,Thistle,dL9257
VEH_POL_CLM_LEG_343_0,YS58LZ8511LNKKVP4,POL_CLM_LEG_343_0,Honda,Accord,2013,SeaGreen,bi4341
VEH_POL_CLM_LEG_344_0,9JRDMM2U4ZF8WFV9R,POL_CLM_LEG_344_0,Ford,Escape,2012,LightPink,at3313
VEH_POL_CLM_LEG_345_0,0T43C2JSBDYGEWNNW,POL_CLM_LEG_345_0,Ford,Escape,2015,DarkCyan,bN197
VEH_POL_CLM_LEG_346_0,DM6FSM6GMFV1RXWZ1,POL_CLM_LEG_346_0,Toyota,RAV4,2021,SeaGreen,Eg9130
VEH_POL_CLM_LEG_347_0,0WSPB7H77DRJWWFFK,POL_CLM_LEG_347_0,Chevrolet,Equinox,2014,ForestGreen,pR5382
VEH_POL_CLM_LEG_348_0,1EL89L23SFAE6KCHG,POL_CLM_LEG_348_0,Nissan,Rogue,2019,LawnGreen,iW8011
VEH_POL_CLM_LEG_349_0,Z4NSMSZ07Z402DE2E,POL_CLM_LEG_349_0,Toyota,Corolla,2012,Sienna,OP3614
VEH_POL_CLM_LEG_350_0,Z5WUMZ9A6FHMTAWPC,POL_CLM_LEG_350_0,Ford,Explorer,2023,SlateGray,Bw5622
VEH_POL_CLM_LEG_351_0,GGRMYRKN4B8PFZ4SC,POL_CLM_LEG_351_0,Honda,Civic,2017,LightCyan,Cz1062
VEH_POL_CLM_LEG_352_0,3FETZAYZPBR1D36T2,POL_CLM_LEG_352_0,Toyota,Highlander,2022,Purple,iC5848
VEH_POL_CLM_LEG_353_0,29UNZEM7WG31SBKET,POL_CLM_LEG_353_0,Ford,Explorer,2011,Sienna,ov5250
VEH_POL_CLM_LEG_354_0,WNRZ2AJKPRKBD1UPF,POL_CLM_LEG_354_0,Ford,F-150,2024,Magenta,Jg4720
VEH_POL_CLM_LEG_355_0,0XRK9ZJ441USCNE9Y,POL_CLM_LEG_355_0,Nissan,Altima,2012,SeaGreen,gl6383
VEH_POL_CLM_LEG_356_0,9C71PA8JY64RDGJLT,POL_CLM_LEG_356_0,Toyota,Highlander,2018,PaleTurquoise,Bg5563
VEH_POL_CLM_LEG_357_0,VH7KZGTBPFKAG2YKS,POL_CLM_LEG_357_0,Honda,Accord,2015,LightBlue,Ln9455
VEH_POL_CLM_LEG_358_0,H0HX1XSPWUSVML4F5,POL_CLM_LEG_358_0,Ford,F-150,2013,DarkSalmon,Mr2936
VEH_POL_CLM_LEG_359_0,0ZJB58XVMG9NKLZAX,POL_CLM_LEG_359_0,Chevrolet,Equinox,2018,SandyBrown,Td2274
VEH_POL_CLM_LEG_360_0,R9A9VTH7EX5DH9VFF,POL_CLM_LEG_360_0,Honda,CR-V,2019,CornflowerBlue,wd1609
VEH_POL_CLM_LEG_361_0,1PWLMD682LUN5TS4R,POL_CLM_LEG_361_0,Chevrolet,Tahoe,2015,HoneyDew,qo4088
VEH_POL_CLM_LEG_362_0,A42YZDWPPGAHXTCVP,POL_CLM_LEG_362_0,Honda,Pilot,2014,BurlyWood,Bk7742
VEH_POL_CLM_LEG_363_0,JVSDN16YV55FN5F77,POL_CLM_LEG_363_0,Toyota,RAV4,2019,Yellow,NP5415
VEH_POL_CLM_LEG_364_0,CBWSZRHFSY3456J0C,POL_CLM_LEG_364_0,Ford,Escape,2014,Tan,ls7314
VEH_POL_CLM_LEG_365_0,USN286U0X90R4B340,POL_CLM_LEG_365_0,Toyota,Highlander,2023,Sienna,mn9256
VEH_POL_CLM_LEG_366_0,0TYREEJ41DFPM73GD,POL_CLM_LEG_366_0,Toyota,RAV4,2016,CornflowerBlue,iM9890
VEH_POL_CLM_LEG_367_0,011MZLRJKBEUA6V0L,POL_CLM_LEG_367_0,Toyota,Highlander,2024,Brown,oC1833
VEH_POL_CLM_LEG_368_0,0ZF3EX5JH5WEANT5U,POL_CLM_LEG_368_0,Honda,CR-V,2017,DarkOliveGreen,jC5679
VEH_POL_CLM_LEG_368_1,YWTUN7Y5SSNZCHGEX,POL_CLM_LEG_368_1,Chevrolet,Equinox,2015,LemonChiffon,KS5941
VEH_POL_CLM_LEG_369_0,TVYA14261MBX8TJ84,POL_CLM_LEG_369_0,Toyota,Corolla,2015,Maroon,DQ1434
VEH_POL_CLM_LEG_370_0,BVJJ1ZYJZSBXVDG4C,POL_CLM_LEG_370_0,Nissan,Altima,2022,LightSlateGray,Zl1380
VEH_POL_CLM_LEG_371_0,GJ2SD6B3CSRSDWWKA,POL_CLM_LEG_371_0,Honda,CR-V,2010,DarkCyan,AR3063
VEH_POL_CLM_LEG_371_1,62G3XSA1WTFTT8K5J,POL_CLM_LEG_371_1,Chevrolet,Silverado,2021,Fuchsia,cT6415
VEH_POL_CLM_LEG_372_0,R98TL9SFCRL7RYUG2,POL_CLM_LEG_372_0,Ford,Explorer,2020,MediumOrchid,Mf751
VEH_POL_CLM_LEG_373_0,TLUDKXVFF225XF89Y,POL_CLM_LEG_373_0,Honda,Civic,2014,AliceBlue,Tr4119
VEH_POL_CLM_LEG_374_0,7S5LEMM1RRNP2P8M3,POL_CLM_LEG_374_0,Chevrolet,Malibu,2013,Gold,zq3532
VEH_POL_CLM_LEG_375_0,4GYJ4ARNV13XRKCF0,POL_CLM_LEG_375_0,Chevrolet,Malibu,2010,OrangeRed,rs4112
VEH_POL_CLM_LEG_376_0,2N80J9WBBMURKS6C9,POL_CLM_LEG_376_0,Nissan,Pathfinder,2010,HoneyDew,kV9231
VEH_POL_CLM_LEG_377_0,EKGCJV2JUKA2C20L5,POL_CLM_LEG_377_0,Chevrolet,Equinox,2023,PeachPuff,Lf4143
VEH_POL_CLM_LEG_378_0,LHMG9JW7EYR334B9N,POL_CLM_LEG_378_0,Chevrolet,Equinox,2012,DarkViolet,kS122
VEH_POL_CLM_LEG_379_0,85LUKMCCDVDFT5VSY,POL_CLM_LEG_379_0,Nissan,Pathfinder,2010,Chartreuse,DO2461
VEH_POL_CLM_LEG_379_1,Z3S69FLFVR2186PKX,POL_CLM_LEG_379_1,Honda,Accord,2022,FireBrick,Cz8195
VEH_POL_CLM_LEG_380_0,HRJHZLSY2VM65F2GF,POL_CLM_LEG_380_0,Chevrolet,Silverado,2010,LawnGreen,uk7566
VEH_POL_CLM_LEG_381_0,EMC57YGF9H72A58E8,POL_CLM_LEG_381_0,Toyota,Camry,2022,Teal,dO8311
VEH_POL_CLM_LEG_382_0,11NRPGN3DF70E1DTW,POL_CLM_LEG_382_0,Toyota,Highlander,2023,RosyBrown,Iu7903
VEH_POL_CLM_LEG_383_0,GCTST8ANP8DMLC8YH,POL_CLM_LEG_383_0,Ford,Mustang,2013,DarkMagenta,dM3576
VEH_POL_CLM_LEG_384_0,S8KYLEJVEFZ2C35YN,POL_CLM_LEG_384_0,Toyota,Highlander,2024,Gold,IW6097
VEH_POL_CLM_LEG_385_0,F7813F6DFTLX6JL2L,POL_CLM_LEG_385_0,Chevrolet,Equinox,2016,IndianRed,ca714
VEH_POL_CLM_LEG_386_0,57BNWUFA6D9DS95UE,POL_CLM_LEG_386_0,Chevrolet,Silverado,2021,Brown,dQ6930
VEH_POL_CLM_LEG_387_0,S6JLU8ZDT4VET3EY1,POL_CLM_LEG_387_0,Nissan,Altima,2014,HotPink,Oi5605
VEH_POL_CLM_LEG_388_0,XJJ1K0SWU9J6LNE15,POL_CLM_LEG_388_0,Chevrolet,Malibu,2024,Thistle,UB7796
VEH_POL_CLM_LEG_389_0,GGEB3FLVSMX3WRHXV,POL_CLM_LEG_389_0,Chevrolet,Silverado,2022,RosyBrown,vs6594
VEH_POL_CLM_LEG_390_0,27M6J3TVYZMUCNY8E,POL_CLM_LEG_390_0,Toyota,RAV4,2020,NavajoWhite,JA1975
VEH_POL_CLM_LEG_390_1,DVK5LR9C5TP89G4HA,POL_CLM_LEG_390_1,Honda,Pilot,2023,Silver,kJ5063
VEH_POL_CLM_LEG_391_0,5U3MH8UNDFXX41F8X,POL_CLM_LEG_391_0,Ford,Escape,2019,SandyBrown,Pb3953
VEH_POL_CLM_LEG_392_0,88K696SE7AJVL7X8B,POL_CLM_LEG_392_0,Honda,CR-V,2010,LightSteelBlue,rZ6900
VEH_POL_CLM_LEG_393_0,SF999NFPWJMH8EP0W,POL_CLM_LEG_393_0,Chevrolet,Equinox,2012,IndianRed,ol4702
VEH_POL_CLM_LEG_394_0,EKLYUU2WHR4UXF610,POL_CLM_LEG_394_0,Honda,Civic,2017,OldLace,wP6768
VEH_POL_CLM_LEG_395_0,4JXRF05TKUC185H5T,POL_CLM_LEG_395_0,Ford,F-150,2016,Wheat,sX1065
VEH_POL_CLM_LEG_396_0,Y5K0KJTP49CD3JTWY,POL_CLM_LEG_396_0,Chevrolet,Tahoe,2010,MediumSeaGreen,sV6730
VEH_POL_CLM_LEG_396_1,XVX5ZBD4YDD8HW0W3,POL_CLM_LEG_396_1,Toyota,Highlander,2018,Green,vh7627
VEH_POL_CLM_LEG_397_0,35VU83X2ZAVA8D731,POL_CLM_LEG_397_0,Toyota,RAV4,2020,Maroon,Fn5137
VEH_POL_CLM_LEG_398_0,ZM8K2L0X2FV5Y112F,POL_CLM_LEG_398_0,Ford,Explorer,2023,CornflowerBlue,Gx1773
VEH_POL_CLM_LEG_399_0,MU38LL7CPXY1G5TMR,POL_CLM_LEG_399_0,Chevrolet,Silverado,2015,SpringGreen,zK6334
VEH_POL_CLM_LEG_400_0,LDW60V1UPZGCW5PJ0,POL_CLM_LEG_400_0,Ford,Escape,2012,MintCream,TK5913
VEH_POL_CLM_LEG_401_0,EN4153X9LH4JF9AHZ,POL_CLM_LEG_401_0,Nissan,Sentra,2016,PaleTurquoise,uY6747
VEH_POL_CLM_LEG_402_0,HYHAJAX4PVVP4WX69,POL_CLM_LEG_402_0,Honda,Civic,2024,Aquamarine,cY3746
VEH_POL_CLM_LEG_403_0,3RN7HUCZL403WD790,POL_CLM_LEG_403_0,Ford,Explorer,2022,Indigo,CV5157
VEH_POL_CLM_LEG_403_1,3W00YV9SVBXTR8FVV,POL_CLM_LEG_403_1,Nissan,Sentra,2011,DeepSkyBlue,lK6474
VEH_POL_CLM_LEG_404_0,5EZC0V810T089HRUZ,POL_CLM_LEG_404_0,Toyota,RAV4,2017,LightPink,Hq2288
VEH_POL_CLM_LEG_405_0,3TP29W59B1W2CCPFG,POL_CLM_LEG_405_0,Ford,Escape,2019,DarkCyan,aK2617
VEH_POL_CLM_LEG_406_0,FYTDC8V8NPZEMDM06,POL_CLM_LEG_406_0,Nissan,Rogue,2023,GhostWhite,iu1516
VEH_POL_CLM_LEG_406_1,JGMYCRDJ6CVZDA9AL,POL_CLM_LEG_406_1,Chevrolet,Silverado,2012,LightGray,vw7863
VEH_POL_CLM_LEG_407_0,6V58GXFHM57WV606F,POL_CLM_LEG_407_0,Ford,F-150,2022,NavajoWhite,Um7424
VEH_POL_CLM_LEG_407_1,X763D77DZWFDGFXMS,POL_CLM_LEG_407_1,Honda,Pilot,2010,DarkSeaGreen,oF6496
VEH_POL_CLM_LEG_408_0,RDVMNH3GPM773704D,POL_CLM_LEG_408_0,Nissan,Pathfinder,2022,PaleVioletRed,cr1148
VEH_POL_CLM_LEG_409_0,Y7V0U1YKE2KXPNTTL,POL_CLM_LEG_409_0,Nissan,Altima,2020,LightSkyBlue,jB5028
VEH_POL_CLM_LEG_409_1,T2KZB4GC61VFLBA8N,POL_CLM_LEG_409_1,Chevrolet,Tahoe,2014,HotPink,dl7731
VEH_POL_CLM_LEG_410_0,451UFN07D860CGGYA,POL_CLM_LEG_410_0,Ford,F-150,2023,Brown,Ie3615
VEH_POL_CLM_LEG_411_0,Z7AH34994N4BEJZ6P,POL_CLM_LEG_411_0,Chevrolet,Equinox,2024,SlateBlue,jl9672
VEH_POL_CLM_LEG_412_0,8Y7PA4N4G2JAZB2EZ,POL_CLM_LEG_412_0,Nissan,Sentra,2013,DarkTurquoise,hb3281
VEH_POL_CLM_LEG_413_0,F3CUF180ZKK5J2P6G,POL_CLM_LEG_413_0,Toyota,Camry,2011,MistyRose,OW2434
VEH_POL_CLM_LEG_414_0,E9SDH4G23HXREWB72,POL_CLM_LEG_414_0,Toyota,Highlander,2013,Magenta,Qm9930
VEH_POL_CLM_LEG_415_0,LV8M87MGYNFKCGGYR,POL_CLM_LEG_415_0,Honda,Civic,2021,DeepSkyBlue,kM6050
VEH_POL_CLM_LEG_416_0,JUVE8BZPUXF7NEDHN,POL_CLM_LEG_416_0,Chevrolet,Silverado,2023,BlanchedAlmond,fT5007
VEH_POL_CLM_LEG_417_0,NV52BVA4SVNZN7HTJ,POL_CLM_LEG_417_0,Nissan,Altima,2023,OrangeRed,iJ4264
VEH_POL_CLM_LEG_418_0,6R6HK18NJF1RKBP65,POL_CLM_LEG_418_0,Chevrolet,Tahoe,2024,Bisque,DZ7086
VEH_POL_CLM_LEG_419_0,XGP6SR8SMYEUJ0V81,POL_CLM_LEG_419_0,Chevrolet,Equinox,2023,MediumPurple,mM891
VEH_POL_CLM_LEG_420_0,S53NLNSUR685PGM6Y,POL_CLM_LEG_420_0,Nissan,Sentra,2024,YellowGreen,DI3480
VEH_POL_CLM_LEG_421_0,8AGVF9Z2YV3ELJ12T,POL_CLM_LEG_421_0,Nissan,Pathfinder,2012,LightYellow,WF6600
VEH_POL_CLM_LEG_422_0,DCA75LC7M18LCXL6R,POL_CLM_LEG_422_0,Nissan,Altima,2020,Salmon,RN393
VEH_POL_CLM_LEG_423_0,L3F6FD7PVX0K4JD87,POL_CLM_LEG_423_0,Ford,Escape,2014,BurlyWood,CG2553
VEH_POL_CLM_LEG_423_1,6SS2W9MRVRATZMMCN,POL_CLM_LEG_423_1,Toyota,Camry,2012,Magenta,tz7060
VEH_POL_CLM_LEG_424_0,KNE93Z8L08CW3A6PF,POL_CLM_LEG_424_0,Honda,Civic,2019,OrangeRed,yM5056
VEH_POL_CLM_LEG_425_0,KU7T6BHLRRB12SCVE,POL_CLM_LEG_425_0,Ford,Escape,2018,Indigo,BR79
VEH_POL_CLM_LEG_426_0,VKGSNZJNNT9R0EMJG,POL_CLM_LEG_426_0,Nissan,Altima,2021,Magenta,nH6692
VEH_POL_CLM_LEG_426_1,77CYLTD33DCNF325A,POL_CLM_LEG_426_1,Ford,Explorer,2011,Tan,kR5832
VEH_POL_CLM_LEG_427_0,6CW88XLYXBE77G0DR,POL_CLM_LEG_427_0,Toyota,RAV4,2023,Azure,Hu5495
VEH_POL_CLM_LEG_428_0,0NXG30T0S1W5RTC9J,POL_CLM_LEG_428_0,Honda,Civic,2010,Gainsboro,vY6998
VEH_POL_CLM_LEG_429_0,E2G51HP4KPYHJMHA6,POL_CLM_LEG_429_0,Nissan,Rogue,2021,FireBrick,KE3020
VEH_POL_CLM_LEG_430_0,FCT6B1RZ6R9ZL270W,POL_CLM_LEG_430_0,Ford,Explorer,2022,OldLace,yK2397
VEH_POL_CLM_LEG_431_0,4R1ST2L9GWBMSS749,POL_CLM_LEG_431_0,Toyota,RAV4,2021,HoneyDew,ZX2338
VEH_POL_CLM_LEG_431_1,F1N853N5ENR36E8HA,POL_CLM_LEG_431_1,Chevrolet,Tahoe,2017,MediumOrchid,CV2602
VEH_POL_CLM_LEG_432_0,MANL8VHT0R8F8B8CL,POL_CLM_LEG_432_0,Chevrolet,Equinox,2014,SlateBlue,pO4983
VEH_POL_CLM_LEG_433_0,H83PALFXZREEK035N,POL_CLM_LEG_433_0,Chevrolet,Malibu,2012,PaleVioletRed,IT9924
VEH_POL_CLM_LEG_433_1,RPGLH5L792VWLGELX,POL_CLM_LEG_433_1,Chevrolet,Silverado,2010,FireBrick,Ed4431
VEH_POL_CLM_LEG_434_0,4TSATD1XCTW68JR23,POL_CLM_LEG_434_0,Honda,Civic,2023,SeaGreen,lm3947
VEH_POL_CLM_LEG_435_0,4BJXL4SEKL9WU4Y8W,POL_CLM_LEG_435_0,Ford,Escape,2015,LightCoral,Oq7052
VEH_POL_CLM_LEG_436_0,B6UTJN05KGKAYPN29,POL_CLM_LEG_436_0,Toyota,RAV4,2021,PapayaWhip,zg753
VEH_POL_CLM_LEG_436_1,FRL7SGXKWLABLSE4N,POL_CLM_LEG_436_1,Chevrolet,Tahoe,2018,MidnightBlue,gt9822
VEH_POL_CLM_LEG_437_0,LFX2YL1BT00T7EDF0,POL_CLM_LEG_437_0,Toyota,Highlander,2020,OliveDrab,fI789
VEH_POL_CLM_LEG_438_0,MP1TUUYPF43RD7JHY,POL_CLM_LEG_438_0,Toyota,RAV4,2015,OldLace,Gz2765
VEH_POL_CLM_LEG_439_0,Y0SB288ELNXPTKA0P,POL_CLM_LEG_439_0,Nissan,Altima,2010,SteelBlue,Jy8518
VEH_POL_CLM_LEG_440_0,WGWA0WN6FHU71KVTF,POL_CLM_LEG_440_0,Toyota,Camry,2013,Turquoise,EN2775
VEH_POL_CLM_LEG_441_0,G6NYRR8Z2GDND7G21,POL_CLM_LEG_441_0,Honda,CR-V,2015,LightPink,qM4174
VEH_POL_CLM_LEG_442_0,WLSYH64HAA45G8NL9,POL_CLM_LEG_442_0,Ford,Escape,2024,Azure,Wp5901
VEH_POL_CLM_LEG_443_0,TVK95JX65X587LNVF,POL_CLM_LEG_443_0,Nissan,Rogue,2024,DarkBlue,HB5308
VEH_POL_CLM_LEG_444_0,Y91NKYKBDES797DY8,POL_CLM_LEG_444_0,Toyota,RAV4,2013,PapayaWhip,Zf3760
VEH_POL_CLM_LEG_445_0,ACH5WVJ0S1FCZAT4P,POL_CLM_LEG_445_0,Toyota,Highlander,2012,Lime,rd9198
VEH_POL_CLM_LEG_446_0,C2KKS3AJ5HRAY54R8,POL_CLM_LEG_446_0,Toyota,Camry,2020,Yellow,oS3855
VEH_POL_CLM_LEG_447_0,4BNWSSFYNVE1MFPSM,POL_CLM_LEG_447_0,Chevrolet,Equinox,2021,DarkGreen,Ip8920
VEH_POL_CLM_LEG_448_0,Z6ZP8CJE7YRUZ6M79,POL_CLM_LEG_448_0,Ford,Escape,2023,Black,hz9491
VEH_POL_CLM_LEG_449_0,X15V934P469UUVJV8,POL_CLM_LEG_449_0,Honda,CR-V,2018,Gold,rE6894
VEH_POL_CLM_LEG_450_0,D13VPYNW1Z9HYFZ10,POL_CLM_LEG_450_0,Honda,CR-V,2017,CornflowerBlue,Zi3333
VEH_POL_CLM_LEG_451_0,EC8HP4UD3ABDG2CJ8,POL_CLM_LEG_451_0,Nissan,Altima,2017,Snow,FM4058
VEH_POL_CLM_LEG_452_0,P0KNGRWSXBTBLB05N,POL_CLM_LEG_452_0,Chevrolet,Malibu,2020,AliceBlue,fX2584
VEH_POL_CLM_LEG_453_0,ZXM9TABT6SUC007S1,POL_CLM_LEG_453_0,Nissan,Altima,2016,DimGray,Zb1257
VEH_POL_CLM_LEG_454_0,LV0RXDZWZATCFKV3U,POL_CLM_LEG_454_0,Honda,Pilot,2010,OliveDrab,ng8211
VEH_POL_CLM_LEG_455_0,DUFR5BWRZ8CSJN1YF,POL_CLM_LEG_455_0,Toyota,RAV4,2019,Moccasin,lb96
VEH_POL_CLM_LEG_456_0,GMZ4HR07DE18VRN0A,POL_CLM_LEG_456_0,Chevrolet,Silverado,2014,DeepSkyBlue,pL1628
VEH_POL_CLM_LEG_457_0,UPBR0CC5YSTJ7EACG,POL_CLM_LEG_457_0,Nissan,Sentra,2020,Moccasin,jn1199
VEH_POL_CLM_LEG_458_0,9NJC3GPVHEE0AB3DY,POL_CLM_LEG_458_0,Honda,Pilot,2020,GoldenRod,pz3552
VEH_POL_CLM_LEG_458_1,6E753GSSDNXU3EET5,POL_CLM_LEG_458_1,Nissan,Altima,2014,CornflowerBlue,sX79
VEH_POL_CLM_LEG_459_0,9CFXPX74P1BLPG0NR,POL_CLM_LEG_459_0,Toyota,Highlander,2018,Fuchsia,fk7946
VEH_POL_CLM_LEG_460_0,X36Y1FWK2RBCC6EYN,POL_CLM_LEG_460_0,Honda,Civic,2017,Brown,lp2002
VEH_POL_CLM_LEG_461_0,Y9M4W75ST14WVZW2E,POL_CLM_LEG_461_0,Chevrolet,Malibu,2017,Pink,El572
VEH_POL_CLM_LEG_462_0,TMUXJJJKTL66VML4U,POL_CLM_LEG_462_0,Ford,F-150,2021,DarkOliveGreen,lN5696
VEH_POL_CLM_LEG_463_0,WZGX23ZGZ0VGSUD0K,POL_CLM_LEG_463_0,Chevrolet,Malibu,2014,Azure,pg7479
VEH_POL_CLM_LEG_464_0,34GYTJSJVUEWJ839A,POL_CLM_LEG_464_0,Honda,Civic,2019,SlateBlue,Ou6534
VEH_POL_CLM_LEG_465_0,T7V4TPJ9XTDRLEE29,POL_CLM_LEG_465_0,Honda,CR-V,2024,Aquamarine,aS93
VEH_POL_CLM_LEG_466_0,DUED1PBYBD90KHHW1,POL_CLM_LEG_466_0,Toyota,Camry,2014,DarkKhaki,PL1297
VEH_POL_CLM_LEG_467_0,HAW2F8NUAFVX93EJP,POL_CLM_LEG_467_0,Nissan,Sentra,2023,SandyBrown,yv3482
VEH_POL_CLM_LEG_468_0,FFHDHLWWNHDC0R1NX,POL_CLM_LEG_468_0,Honda,Pilot,2019,ForestGreen,st8676
VEH_POL_CLM_LEG_468_1,2GZR5MATNRGEC4ZFP,POL_CLM_LEG_468_1,Chevrolet,Silverado,2018,LawnGreen,qn8360
VEH_POL_CLM_LEG_469_0,PJKHWSA7J0R3NMNT0,POL_CLM_LEG_469_0,Honda,CR-V,2015,SkyBlue,hx1191
VEH_POL_CLM_LEG_470_0,JHN9SF5YW349N2C7D,POL_CLM_LEG_470_0,Chevrolet,Silverado,2016,Maroon,sU8074
VEH_POL_CLM_LEG_471_0,C7RK5K7HLUHDBY288,POL_CLM_LEG_471_0,Nissan,Altima,2014,LimeGreen,BN1888
VEH_POL_CLM_LEG_472_0,SPFA8WC2J2U2VNFUG,POL_CLM_LEG_472_0,Honda,CR-V,2018,DarkOrange,DO959
VEH_POL_CLM_LEG_473_0,FJ3T6NFS4HXN2SS00,POL_CLM_LEG_473_0,Toyota,RAV4,2023,RoyalBlue,ai7907
VEH_POL_CLM_LEG_473_1,9EKUT1V06SYU2W4PJ,POL_CLM_LEG_473_1,Honda,Accord,2011,DarkTurquoise,Il543
VEH_POL_CLM_LEG_474_0,5EBC94D6NKAT1H21R,POL_CLM_LEG_474_0,Chevrolet,Equinox,2018,LightCyan,dc3889
VEH_POL_CLM_LEG_475_0,3PE66JP0NGE8JEYDN,POL_CLM_LEG_475_0,Nissan,Rogue,2020,Turquoise,aI3311
VEH_POL_CLM_LEG_476_0,NYRWMTS75SMG7F9E0,POL_CLM_LEG_476_0,Ford,Mustang,2024,LightSkyBlue,OT9304
VEH_POL_CLM_LEG_477_0,TXNRMXMLN3W62RTYV,POL_CLM_LEG_477_0,Ford,F-150,2010,DarkOrange,ln2748
VEH_POL_CLM_LEG_478_0,7NYR0JE7DNPBK8GVP,POL_CLM_LEG_478_0,Nissan,Altima,2012,DarkOliveGreen,yQ206
VEH_POL_CLM_LEG_479_0,V9G9FB02H7FZDZ3M1,POL_CLM_LEG_479_0,Honda,Pilot,2018,Bisque,xM3517
VEH_POL_CLM_LEG_480_0,WV61XLFZ0UKW6HASL,POL_CLM_LEG_480_0,Ford,Mustang,2014,Fuchsia,qS1246
VEH_POL_CLM_LEG_480_1,99BW3J4V4H8SFDUM1,POL_CLM_LEG_480_1,Nissan,Sentra,2017,YellowGreen,oi5739
VEH_POL_CLM_LEG_481_0,CFS7CL6R3FSB7DH6T,POL_CLM_LEG_481_0,Chevrolet,Malibu,2014,GhostWhite,TC6297
VEH_POL_CLM_LEG_482_0,RHJ3MWW5DC1ER6730,POL_CLM_LEG_482_0,Chevrolet,Equinox,2016,DodgerBlue,xj703
VEH_POL_CLM_LEG_483_0,SBK4Z70YCFLD9CBA7,POL_CLM_LEG_483_0,Honda,Accord,2010,DodgerBlue,fo1830
VEH_POL_CLM_LEG_484_0,9DWXU4KCXJY0DXZB5,POL_CLM_LEG_484_0,Honda,Pilot,2023,DarkGreen,BD9240
VEH_POL_CLM_LEG_485_0,R8LY3P734YGS0BB5E,POL_CLM_LEG_485_0,Honda,Pilot,2022,MediumTurquoise,Us2713
VEH_POL_CLM_LEG_486_0,0KLLHSP7ZZ1K06YNN,POL_CLM_LEG_486_0,Chevrolet,Equinox,2012,Wheat,Vn2743
VEH_POL_CLM_LEG_487_0,B5JGTYP0LEL8PL7V0,POL_CLM_LEG_487_0,Ford,F-150,2010,OliveDrab,FR435
VEH_POL_CLM_LEG_488_0,PT9E6HW860P2X03NA,POL_CLM_LEG_488_0,Toyota,Corolla,2014,DarkGreen,VW1367
VEH_POL_CLM_LEG_489_0,EZ51KNUW7G21B8WK9,POL_CLM_LEG_489_0,Chevrolet,Equinox,2013,PaleGoldenRod,CG1815
VEH_POL_CLM_LEG_489_1,LPX3S577XHLWRKYBH,POL_CLM_LEG_489_1,Chevrolet,Silverado,2014,DarkOliveGreen,ZB7672
VEH_POL_CLM_LEG_490_0,JUB8RPR83K3VPT83Y,POL_CLM_LEG_490_0,Nissan,Sentra,2016,WhiteSmoke,AV2223
VEH_POL_CLM_LEG_491_0,9HYKDH9VLUGZCY8AE,POL_CLM_LEG_491_0,Ford,F-150,2017,AntiqueWhite,lu1570
VEH_POL_CLM_LEG_492_0,KJFR1M2K9ZYCFE78C,POL_CLM_LEG_492_0,Ford,Escape,2020,MediumSeaGreen,mG6504
VEH_POL_CLM_LEG_493_0,2MT4UTSX2MDF3UJA7,POL_CLM_LEG_493_0,Ford,Escape,2011,LightCyan,Wk7082
VEH_POL_CLM_LEG_493_1,EF3US7XA53R32PFXS,POL_CLM_LEG_493_1,Toyota,Camry,2012,Red,oX257
VEH_POL_CLM_LEG_494_0,HY7T2NYGBRAM97YP4,POL_CLM_LEG_494_0,Nissan,Altima,2021,FloralWhite,kc9394
VEH_POL_CLM_LEG_494_1,EDU2WSVV2D32YJURB,POL_CLM_LEG_494_1,Ford,Mustang,2011,Lime,fE5537
VEH_POL_CLM_LEG_495_0,Y9Z39K599NT1PAKGD,POL_CLM_LEG_495_0,Toyota,Camry,2014,HoneyDew,Pb4635
VEH_POL_CLM_LEG_495_1,D92LEWWCBL217C075,POL_CLM_LEG_495_1,Honda,Accord,2015,Aquamarine,xY3233
VEH_POL_CLM_LEG_496_0,VK61B7PYJBC8WDSSM,POL_CLM_LEG_496_0,Nissan,Sentra,2024,Crimson,MH4604
VEH_POL_CLM_LEG_497_0,F86JMG70D3S1E14ZH,POL_CLM_LEG_497_0,Nissan,Altima,2014,Crimson,dQ5615
VEH_POL_CLM_LEG_497_1,UK32GVBGZGUMPW7KJ,POL_CLM_LEG_497_1,Chevrolet,Silverado,2020,Black,Cu5238
VEH_POL_CLM_LEG_498_0,YT9PGJEGYDZEB911Z,POL_CLM_LEG_498_0,Toyota,Highlander,2014,AliceBlue,Hq8221
VEH_POL_CLM_LEG_499_0,8VY04ADGE025LPYZR,POL_CLM_LEG_499_0,Honda,Civic,2014,MediumAquaMarine,kJ4771
VEH_POL_CLM_LEG_500_0,NGY8JTKBASC6BSKP6,POL_CLM_LEG_500_0,Honda,Civic,2013,PaleVioletRed,FC1020
VEH_POL_CLM_LEG_501_0,F2S2CRLHG548JSRE2,POL_CLM_LEG_501_0,Honda,CR-V,2014,Lavender,YF8260
VEH_POL_CLM_LEG_502_0,9VYEJNJD5ULPC8D6J,POL_CLM_LEG_502_0,Chevrolet,Tahoe,2013,LightCoral,BC9993
VEH_POL_CLM_LEG_503_0,TUEA22PMSG10RZJGP,POL_CLM_LEG_503_0,Honda,Civic,2020,SlateGray,dU113
VEH_POL_CLM_LEG_504_0,NX6L5M2UTRVZD6H5G,POL_CLM_LEG_504_0,Nissan,Sentra,2011,Khaki,bP7364
VEH_POL_CLM_LEG_505_0,Z9RE1HDJ7P9Y66D7X,POL_CLM_LEG_505_0,Chevrolet,Silverado,2011,OrangeRed,rQ4818
VEH_POL_CLM_LEG_506_0,W17HSKF117T936DTH,POL_CLM_LEG_506_0,Toyota,RAV4,2022,BlueViolet,vG3805
VEH_POL_CLM_LEG_506_1,RMMRZADXAKFF11GGE,POL_CLM_LEG_506_1,Nissan,Sentra,2010,MediumBlue,uT127
VEH_POL_CLM_LEG_507_0,RXB00N124RZ4FNFBF,POL_CLM_LEG_507_0,Chevrolet,Silverado,2020,DarkBlue,Fk7239
VEH_POL_CLM_LEG_508_0,2GFDH3JUVZ876796F,POL_CLM_LEG_508_0,Chevrolet,Silverado,2011,FireBrick,DP9747
VEH_POL_CLM_LEG_509_0,RX3KJH12APNU75DZ6,POL_CLM_LEG_509_0,Nissan,Rogue,2017,Red,pU2253
VEH_POL_CLM_LEG_510_0,S7W1EUUHE6TX6HVMU,POL_CLM_LEG_510_0,Honda,Accord,2018,GhostWhite,Kb1930
VEH_POL_CLM_LEG_511_0,V4BT4E30CERPXC2SZ,POL_CLM_LEG_511_0,Ford,Explorer,2015,LavenderBlush,ia5914
VEH_POL_CLM_LEG_512_0,222Z50CF1YCZS3R6Y,POL_CLM_LEG_512_0,Ford,F-150,2010,DarkMagenta,fW2582
VEH_POL_CLM_LEG_513_0,EMND7Y1JC3WWST7CF,POL_CLM_LEG_513_0,Toyota,Camry,2021,Coral,mq453
VEH_POL_CLM_LEG_513_1,NBRAWAJJMMMUUPVHE,POL_CLM_LEG_513_1,Ford,F-150,2015,Pink,my8751
VEH_POL_CLM_LEG_514_0,NBLFW1VBSPHWXSM92,POL_CLM_LEG_514_0,Ford,Escape,2015,Black,eN9773
VEH_POL_CLM_LEG_515_0,CJBEN4EVUAXJ5F8T7,POL_CLM_LEG_515_0,Nissan,Rogue,2012,BlueViolet,xb2928
VEH_POL_CLM_LEG_515_1,0GYPHZEPZ0UYZLKA6,POL_CLM_LEG_515_1,Nissan,Rogue,2016,LimeGreen,cz5157
VEH_POL_CLM_LEG_516_0,0UHL2C54K9NM125BP,POL_CLM_LEG_516_0,Honda,CR-V,2021,Coral,eR7685
VEH_POL_CLM_LEG_517_0,UGG51ZSL35T8U7AHD,POL_CLM_LEG_517_0,Honda,CR-V,2015,LightPink,EZ1272
VEH_POL_CLM_LEG_518_0,9L9S4CZBZB5H7G2M4,POL_CLM_LEG_518_0,Honda,Civic,2023,DarkCyan,Dd6436
VEH_POL_CLM_LEG_519_0,0PHEDDWU02UXGWXGH,POL_CLM_LEG_519_0,Ford,Explorer,2024,LightPink,Iw7207
VEH_POL_CLM_LEG_520_0,BPBCC12T89D8520UA,POL_CLM_LEG_520_0,Chevrolet,Malibu,2013,PowderBlue,GJ6644
VEH_POL_CLM_LEG_521_0,A3WMPV4UAZMYT14W8,POL_CLM_LEG_521_0,Honda,Civic,2023,GoldenRod,OQ1467
VEH_POL_CLM_LEG_522_0,XHN3EBLCEU2KUHPS4,POL_CLM_LEG_522_0,Chevrolet,Silverado,2024,DodgerBlue,YY4171
VEH_POL_CLM_LEG_523_0,9G3FHWEHKMCJB11EU,POL_CLM_LEG_523_0,Nissan,Rogue,2022,Chartreuse,CV9898
VEH_POL_CLM_LEG_524_0,A3H7R81UD1R4785B6,POL_CLM_LEG_524_0,Toyota,RAV4,2020,Bisque,tO4878
VEH_POL_CLM_LEG_525_0,6C5AFSL1DFH6M3TGV,POL_CLM_LEG_525_0,Ford,Mustang,2016,YellowGreen,Rf4037
VEH_POL_CLM_LEG_526_0,2YEGUJ1BH6AURGKSZ,POL_CLM_LEG_526_0,Chevrolet,Tahoe,2016,Yellow,QH1973
VEH_POL_CLM_LEG_527_0,BHN0BZRZWBNV03KFA,POL_CLM_LEG_527_0,Nissan,Rogue,2016,Chocolate,hg4495
VEH_POL_CLM_LEG_528_0,3PWV8PX35Y4Y21Z25,POL_CLM_LEG_528_0,Chevrolet,Malibu,2019,MediumSeaGreen,SA8189
VEH_POL_CLM_LEG_529_0,UNN8JLDATLX9GFGG2,POL_CLM_LEG_529_0,Toyota,RAV4,2012,PaleGoldenRod,DC6817
VEH_POL_CLM_LEG_530_0,E8PV7P09SPD29BR1L,POL_CLM_LEG_530_0,Honda,CR-V,2022,Cornsilk,Lv2117
VEH_POL_CLM_LEG_531_0,ZWMJ8E61494686DEZ,POL_CLM_LEG_531_0,Honda,Civic,2015,LightGreen,Kz474
VEH_POL_CLM_LEG_532_0,A32P2UEYDVVMX7HV3,POL_CLM_LEG_532_0,Nissan,Pathfinder,2015,DarkGray,Ec9310
VEH_POL_CLM_LEG_533_0,GUV91JGJUH3LTXBA8,POL_CLM_LEG_533_0,Toyota,Corolla,2022,DeepSkyBlue,Yg7370
VEH_POL_CLM_LEG_534_0,A5RN6CB42TCZ3M85B,POL_CLM_LEG_534_0,Chevrolet,Equinox,2010,Peru,tv1230
VEH_POL_CLM_LEG_535_0,BYCXC1BPFXGWRPE1H,POL_CLM_LEG_535_0,Toyota,Highlander,2018,SkyBlue,DW657
VEH_POL_CLM_LEG_536_0,6RWNB8602PEEA31TX,POL_CLM_LEG_536_0,Ford,Explorer,2010,DarkSeaGreen,jQ3369
VEH_POL_CLM_LEG_536_1,BF0W2JPUUCGGH78L0,POL_CLM_LEG_536_1,Chevrolet,Tahoe,2024,AntiqueWhite,qT5734
VEH_POL_CLM_LEG_537_0,7PS7SG96ZCFNHP49L,POL_CLM_LEG_537_0,Honda,Civic,2015,Khaki,tC8270
VEH_POL_CLM_LEG_538_0,VMEHCZKJB85LEPT9D,POL_CLM_LEG_538_0,Chevrolet,Tahoe,2018,DodgerBlue,CD2227
VEH_POL_CLM_LEG_539_0,HGJDSDES3ZFGAFDT4,POL_CLM_LEG_539_0,Ford,Explorer,2010,MediumBlue,mU2437
VEH_POL_CLM_LEG_540_0,XJ7PVM42ZR25H4JDU,POL_CLM_LEG_540_0,Nissan,Rogue,2011,Chocolate,Nw9634
VEH_POL_CLM_LEG_540_1,AH18A2W0RZ9R0P7HP,POL_CLM_LEG_540_1,Nissan,Sentra,2016,Gainsboro,Ir8587
VEH_POL_CLM_LEG_541_0,2NEYFHMZCN5N2URDJ,POL_CLM_LEG_541_0,Honda,Accord,2015,Sienna,Yp5910
VEH_POL_CLM_LEG_542_0,CY7CVLPSWBW2JRXKV,POL_CLM_LEG_542_0,Nissan,Rogue,2021,SteelBlue,Fl7513
VEH_POL_CLM_LEG_543_0,6BLBW1YU9WZTKE6M1,POL_CLM_LEG_543_0,Toyota,Corolla,2012,FloralWhite,NM3115
VEH_POL_CLM_LEG_544_0,CMXT81BYD7HURSU9G,POL_CLM_LEG_544_0,Nissan,Altima,2020,IndianRed,OU5561
VEH_POL_CLM_LEG_545_0,NCX0YSXTU5VRT44EU,POL_CLM_LEG_545_0,Nissan,Pathfinder,2014,SeaShell,RO260
VEH_POL_CLM_LEG_546_0,BYLUPGXHBJA6M9NXZ,POL_CLM_LEG_546_0,Honda,Pilot,2021,DodgerBlue,Sq491
VEH_POL_CLM_LEG_547_0,ZF6F15JGUSPE4XGJ8,POL_CLM_LEG_547_0,Nissan,Altima,2010,LemonChiffon,KG6568
VEH_POL_CLM_LEG_547_1,N55G877MFCZLUM9S7,POL_CLM_LEG_547_1,Nissan,Sentra,2022,Peru,mT9935
VEH_POL_CLM_LEG_548_0,8F8HZMXZD58D0NAYU,POL_CLM_LEG_548_0,Ford,Mustang,2012,Wheat,tX6293
VEH_POL_CLM_LEG_549_0,X12KJALX564C47WFG,POL_CLM_LEG_549_0,Chevrolet,Malibu,2010,LightSlateGray,Is4367
VEH_POL_CLM_LEG_550_0,3CNPCKD4GHFXHP18D,POL_CLM_LEG_550_0,Ford,Escape,2014,DarkSlateBlue,RD4070
VEH_POL_CLM_LEG_551_0,LAX8E53K2C2FNU9ZU,POL_CLM_LEG_551_0,Chevrolet,Tahoe,2023,Lavender,uU6437
VEH_POL_CLM_LEG_552_0,1ESJE4U5MFEL33RBL,POL_CLM_LEG_552_0,Nissan,Altima,2019,MediumTurquoise,iT3928
VEH_POL_CLM_LEG_553_0,1UK5E0T96KX1PN524,POL_CLM_LEG_553_0,Nissan,Pathfinder,2022,Crimson,JU9058
VEH_POL_CLM_LEG_554_0,E8783RLE56B3NHYH8,POL_CLM_LEG_554_0,Ford,Escape,2018,PapayaWhip,QD6639
VEH_POL_CLM_LEG_555_0,LLGLSUXR1ZKKUXNX0,POL_CLM_LEG_555_0,Honda,Accord,2022,FireBrick,Yj7754
VEH_POL_CLM_LEG_556_0,Z7P630KP1E4907K8C,POL_CLM_LEG_556_0,Honda,Pilot,2023,LightBlue,vo3844
VEH_POL_CLM_LEG_557_0,U31GCGE4ALDNACJJF,POL_CLM_LEG_557_0,Honda,Civic,2021,Magenta,ay2589
VEH_POL_CLM_LEG_558_0,AFSUCS26SL1MXSN58,POL_CLM_LEG_558_0,Nissan,Pathfinder,2015,Chartreuse,gA6948
VEH_POL_CLM_LEG_559_0,C351NYHDB508YFSHR,POL_CLM_LEG_559_0,Ford,Escape,2019,GoldenRod,pr968
VEH_POL_CLM_LEG_560_0,7LFWVX16813YWYHVH,POL_CLM_LEG_560_0,Honda,Civic,2023,DarkOrange,qS2182
VEH_POL_CLM_LEG_561_0,N835UL8JE0S1TFNJA,POL_CLM_LEG_561_0,Honda,CR-V,2020,DarkGoldenRod,xz3215
VEH_POL_CLM_LEG_562_0,J32X0FR45RGFCBJ6S,POL_CLM_LEG_562_0,Ford,Explorer,2023,LightCyan,Sv2900
VEH_POL_CLM_LEG_563_0,DT6LWV7JE31D3P35V,POL_CLM_LEG_563_0,Nissan,Pathfinder,2021,PapayaWhip,nz2807
VEH_POL_CLM_LEG_563_1,B2T3ZST5RZZ05ZMHU,POL_CLM_LEG_563_1,Honda,Accord,2024,Wheat,JA2981
VEH_POL_CLM_LEG_564_0,A9HNCV3LSM585V7D2,POL_CLM_LEG_564_0,Toyota,Camry,2013,IndianRed,mx7526
VEH_POL_CLM_LEG_565_0,781YDGK5TB47W9CZT,POL_CLM_LEG_565_0,Nissan,Rogue,2022,BlanchedAlmond,sr4363
VEH_POL_CLM_LEG_566_0,PX1DF578P1ED2ZDND,POL_CLM_LEG_566_0,Nissan,Altima,2012,Moccasin,xZ1920
VEH_POL_CLM_LEG_567_0,XBEM1URJ71HKGNGAF,POL_CLM_LEG_567_0,Honda,Accord,2011,Linen,nr4759
VEH_POL_CLM_LEG_568_0,2KDK3ZXEMAY9EKE4W,POL_CLM_LEG_568_0,Ford,F-150,2012,DarkViolet,fe1724
VEH_POL_CLM_LEG_569_0,N331A70VM2W42HREG,POL_CLM_LEG_569_0,Ford,Explorer,2021,SeaGreen,vq9434
VEH_POL_CLM_LEG_570_0,NL7GA862A97PMFHTB,POL_CLM_LEG_570_0,Ford,Explorer,2018,LightGray,sK5446
VEH_POL_CLM_LEG_571_0,08R5AHEKY6MJ54ZYH,POL_CLM_LEG_571_0,Nissan,Altima,2017,Silver,Ps2731
VEH_POL_CLM_LEG_572_0,BAM68V2RP2XNW2MK4,POL_CLM_LEG_572_0,Ford,F-150,2013,Cyan,OJ8707
VEH_POL_CLM_LEG_573_0,4E3SABBD2EG31PHRK,POL_CLM_LEG_573_0,Honda,CR-V,2017,Lime,lO4919
VEH_POL_CLM_LEG_574_0,PBAD0NDW5DMCCTPDB,POL_CLM_LEG_574_0,Toyota,Highlander,2012,OldLace,pG1796
VEH_POL_CLM_LEG_575_0,83K98TGPDGARM5ZR0,POL_CLM_LEG_575_0,Honda,CR-V,2011,Moccasin,ek1822
VEH_POL_CLM_LEG_576_0,ADAGZ5GP47RJRN4CW,POL_CLM_LEG_576_0,Nissan,Sentra,2017,DarkRed,Ar8046
VEH_POL_CLM_LEG_577_0,E5ABJPD8XACDRTS7B,POL_CLM_LEG_577_0,Nissan,Rogue,2023,ForestGreen,qQ6347
VEH_POL_CLM_LEG_578_0,2V4V00ZVLZ0LFJXBW,POL_CLM_LEG_578_0,Ford,Escape,2018,LightSlateGray,lL9768
VEH_POL_CLM_LEG_579_0,72UTHCSRDPW1D68ET,POL_CLM_LEG_579_0,Nissan,Pathfinder,2024,SteelBlue,Cl4148
VEH_POL_CLM_LEG_580_0,VJ42RGZUWKVDX3C4J,POL_CLM_LEG_580_0,Toyota,Highlander,2017,Purple,Un5295
VEH_POL_CLM_LEG_581_0,HBS64DP4YYXYJ56V9,POL_CLM_LEG_581_0,Chevrolet,Equinox,2010,HotPink,PN8655
VEH_POL_CLM_LEG_582_0,Z1VW62RED981UX87T,POL_CLM_LEG_582_0,Toyota,Corolla,2015,Snow,xW9337
VEH_POL_CLM_LEG_583_0,JUFD86U1H99N7UCAU,POL_CLM_LEG_583_0,Toyota,Highlander,2024,DarkOrchid,xp34
VEH_POL_CLM_LEG_584_0,SD44NCWDYCF6ZW3WP,POL_CLM_LEG_584_0,Chevrolet,Tahoe,2015,Chocolate,Du1953
VEH_POL_CLM_LEG_584_1,0N8Z4YBBM0J33PMB6,POL_CLM_LEG_584_1,Nissan,Rogue,2017,LightGoldenRodYellow,xP1233
VEH_POL_CLM_LEG_585_0,K6ZVLND7W5YYFY670,POL_CLM_LEG_585_0,Honda,Civic,2017,Wheat,or7866
VEH_POL_CLM_LEG_586_0,V07RJTFRFMNF7WJXK,POL_CLM_LEG_586_0,Ford,Mustang,2016,Fuchsia,Rp798
VEH_POL_CLM_LEG_587_0,TV3HUUTX6EJS91RVR,POL_CLM_LEG_587_0,Nissan,Rogue,2010,MediumSlateBlue,DJ2810
VEH_POL_CLM_LEG_588_0,KH4W10M1W3950DH06,POL_CLM_LEG_588_0,Nissan,Altima,2011,LightGoldenRodYellow,uV3220
VEH_POL_CLM_LEG_589_0,BJVDL4AF6KKEEDLBG,POL_CLM_LEG_589_0,Ford,Escape,2013,Crimson,bU8243
VEH_POL_CLM_LEG_590_0,2P4S167CU0WVVBU6A,POL_CLM_LEG_590_0,Ford,Explorer,2010,DarkGoldenRod,iq6627
VEH_POL_CLM_LEG_591_0,VDCJU924X7X8VXU3J,POL_CLM_LEG_591_0,Chevrolet,Tahoe,2023,Lime,pV7838
VEH_POL_CLM_LEG_592_0,XR7NL6CMJLYDX0ZBZ,POL_CLM_LEG_592_0,Nissan,Pathfinder,2021,White,OR6290
VEH_POL_CLM_LEG_593_0,0NZMCCZC4U23GLP0E,POL_CLM_LEG_593_0,Chevrolet,Malibu,2013,FloralWhite,tn777
VEH_POL_CLM_LEG_594_0,NBTBWYKEUWFKNN521,POL_CLM_LEG_594_0,Nissan,Sentra,2015,Cornsilk,rO6811
VEH_POL_CLM_LEG_595_0,TB3JA3LPN1M6V2LLH,POL_CLM_LEG_595_0,Nissan,Pathfinder,2016,Aquamarine,BA9672
VEH_POL_CLM_LEG_596_0,E5N3525GP0BPMXHBZ,POL_CLM_LEG_596_0,Nissan,Altima,2016,Orange,hU433
VEH_POL_CLM_LEG_597_0,GFK83R6ZSP2XNDF0D,POL_CLM_LEG_597_0,Chevrolet,Equinox,2023,OldLace,ZM6770
VEH_POL_CLM_LEG_598_0,3Y9A6UDW9STVGCW6M,POL_CLM_LEG_598_0,Ford,Explorer,2018,LemonChiffon,VC5071
VEH_POL_CLM_LEG_599_0,E035YREDFGJ16MRZ1,POL_CLM_LEG_599_0,Toyota,RAV4,2017,DarkKhaki,Zj1046
VEH_POL_CLM_LEG_600_0,V9XNJTLEV1T5M18BZ,POL_CLM_LEG_600_0,Nissan,Altima,2017,Tomato,FM605
VEH_POL_CLM_LEG_600_1,YKS154CEG79KU21T8,POL_CLM_LEG_600_1,Chevrolet,Malibu,2014,OliveDrab,va6958
VEH_POL_CLM_LEG_601_0,6PGYYZFFG4UZ46MAU,POL_CLM_LEG_601_0,Toyota,Highlander,2017,Crimson,Xr7172
VEH_POL_CLM_LEG_602_0,4J0GN99LU4J6LHLB7,POL_CLM_LEG_602_0,Toyota,Highlander,2013,DarkBlue,wL147
VEH_POL_CLM_LEG_603_0,5RTTCR9KJZMJBU46Z,POL_CLM_LEG_603_0,Toyota,Camry,2021,DarkKhaki,gk5217
VEH_POL_CLM_LEG_604_0,0VAZ13ZHWESTY513V,POL_CLM_LEG_604_0,Chevrolet,Equinox,2017,AliceBlue,iU3129
VEH_POL_CLM_LEG_605_0,6ZC9LWESKRENBC1W1,POL_CLM_LEG_605_0,Chevrolet,Equinox,2024,Cyan,Ac26
VEH_POL_CLM_LEG_606_0,J64YWFHVD99YTN38V,POL_CLM_LEG_606_0,Chevrolet,Malibu,2012,LightCyan,Wd3067
VEH_POL_CLM_LEG_607_0,W7FD3AH6AZNRD7TXZ,POL_CLM_LEG_607_0,Honda,Accord,2021,SkyBlue,kJ8865
VEH_POL_CLM_LEG_608_0,NACKN3K7HV7YYCTBS,POL_CLM_LEG_608_0,Nissan,Pathfinder,2021,PapayaWhip,YG3716
VEH_POL_CLM_LEG_609_0,LP9LZDA19S17A3KL1,POL_CLM_LEG_609_0,Chevrolet,Equinox,2013,DarkSlateBlue,hl984
VEH_POL_CLM_LEG_610_0,CAZR9ZPDAY7KCC49H,POL_CLM_LEG_610_0,Chevrolet,Tahoe,2023,OrangeRed,fq8978
VEH_POL_CLM_LEG_611_0,RLP37JXBXNVGPGVN0,POL_CLM_LEG_611_0,Ford,F-150,2022,LightYellow,jx601
VEH_POL_CLM_LEG_612_0,NSAHRV6VS9YTXNNWF,POL_CLM_LEG_612_0,Nissan,Pathfinder,2012,SandyBrown,Nz6237
VEH_POL_CLM_LEG_613_0,RNZHACR09S8UV5NKC,POL_CLM_LEG_613_0,Chevrolet,Silverado,2019,RoyalBlue,Gq2685
VEH_POL_CLM_LEG_614_0,ECSML8SS0ZEKW2DZ4,POL_CLM_LEG_614_0,Toyota,RAV4,2024,BlanchedAlmond,dP1105
VEH_POL_CLM_LEG_615_0,D0PEJFWSTCB0960N7,POL_CLM_LEG_615_0,Nissan,Rogue,2014,LightSlateGray,fr4418
VEH_POL_CLM_LEG_616_0,KT4L2E4E4N40A1CP7,POL_CLM_LEG_616_0,Toyota,RAV4,2020,DarkSlateBlue,qz226
VEH_POL_CLM_LEG_617_0,8SGE4SFFVL02ACU83,POL_CLM_LEG_617_0,Ford,Mustang,2014,Sienna,oF2778
VEH_POL_CLM_LEG_618_0,JRC9C8U72AC28Y1BD,POL_CLM_LEG_618_0,Honda,Civic,2021,LightBlue,TI6932
VEH_POL_CLM_LEG_619_0,FS39YLR1BM85R4EBS,POL_CLM_LEG_619_0,Ford,F-150,2019,CornflowerBlue,Tw9483
VEH_POL_CLM_LEG_620_0,A8J09CT2VLK3EVSWV,POL_CLM_LEG_620_0,Chevrolet,Malibu,2020,NavajoWhite,kH5276
VEH_POL_CLM_LEG_621_0,WKSD4CX079GLUH22B,POL_CLM_LEG_621_0,Chevrolet,Malibu,2012,LightPink,Du7709
VEH_POL_CLM_LEG_622_0,MVXHGSK921RU6H5EU,POL_CLM_LEG_622_0,Ford,F-150,2012,PowderBlue,nW8024
VEH_POL_CLM_LEG_623_0,R1RWH0JKUGLF3N968,POL_CLM_LEG_623_0,Chevrolet,Malibu,2018,SteelBlue,kL3762
VEH_POL_CLM_LEG_623_1,EBMRRKBMXMNPGG4WU,POL_CLM_LEG_623_1,Ford,Mustang,2024,Black,vu8174
VEH_POL_CLM_LEG_624_0,BXLA9DH89STNWZE30,POL_CLM_LEG_624_0,Ford,Explorer,2011,Silver,KE9843
VEH_POL_CLM_LEG_625_0,ZFXPX7L7J8Z96ZG62,POL_CLM_LEG_625_0,Chevrolet,Tahoe,2010,White,ny7267
VEH_POL_CLM_LEG_626_0,8A520BLM576M3ZWR6,POL_CLM_LEG_626_0,Nissan,Sentra,2023,PowderBlue,bE5109
VEH_POL_CLM_LEG_627_0,K8T204SV70WNAH1CA,POL_CLM_LEG_627_0,Ford,F-150,2017,DarkGreen,cx9611
VEH_POL_CLM_LEG_627_1,X92AZWAM75RT02CUX,POL_CLM_LEG_627_1,Chevrolet,Malibu,2020,IndianRed,Mr8773
VEH_POL_CLM_LEG_628_0,MX68M2JNVEMCB8VWY,POL_CLM_LEG_628_0,Toyota,Corolla,2020,DarkKhaki,ua4599
VEH_POL_CLM_LEG_629_0,6VCNRJ269TZE6HG4L,POL_CLM_LEG_629_0,Chevrolet,Tahoe,2024,Khaki,Kd3872
VEH_POL_CLM_LEG_629_1,ATN4FLHX4CHNJ6GDU,POL_CLM_LEG_629_1,Ford,Escape,2010,MediumSpringGreen,ZB416
VEH_POL_CLM_LEG_630_0,G80E3L5C1BB6PZMA2,POL_CLM_LEG_630_0,Honda,Accord,2020,DarkSlateBlue,Hw9036
VEH_POL_CLM_LEG_631_0,JA6DNR3XA6M97M5V3,POL_CLM_LEG_631_0,Nissan,Pathfinder,2018,PaleTurquoise,NO6276
VEH_POL_CLM_LEG_632_0,55CWWPFB8HZ636ENU,POL_CLM_LEG_632_0,Nissan,Pathfinder,2015,Peru,Ta6867
VEH_POL_CLM_LEG_633_0,96ZE6D34H1AG0FYXY,POL_CLM_LEG_633_0,Toyota,RAV4,2017,HotPink,wt7667
VEH_POL_CLM_LEG_634_0,72U70ZVR2TGNVCWL1,POL_CLM_LEG_634_0,Toyota,RAV4,2024,OrangeRed,bF5351
VEH_POL_CLM_LEG_635_0,ZNU0127S205C9XF6S,POL_CLM_LEG_635_0,Chevrolet,Equinox,2021,Cyan,Zk1426
VEH_POL_CLM_LEG_636_0,8LBDTF1FBVXUX4HYF,POL_CLM_LEG_636_0,Honda,CR-V,2015,Chartreuse,fG4767
VEH_POL_CLM_LEG_637_0,K9Y1751C98W00Z11E,POL_CLM_LEG_637_0,Ford,F-150,2014,DarkSeaGreen,yk2240
VEH_POL_CLM_LEG_638_0,7ZHE0T5E5J0B2EDMB,POL_CLM_LEG_638_0,Honda,Accord,2014,Olive,tP4681
VEH_POL_CLM_LEG_639_0,A9B0W7RSPWXH2ZY9C,POL_CLM_LEG_639_0,Ford,Mustang,2013,DarkKhaki,Hb2140
VEH_POL_CLM_LEG_640_0,NX5F1UD2J414CNFV3,POL_CLM_LEG_640_0,Toyota,Highlander,2014,LightSeaGreen,wL4806
VEH_POL_CLM_LEG_641_0,TTNVN446S16N07CTN,POL_CLM_LEG_641_0,Honda,Accord,2016,Chocolate,Gw9937
VEH_POL_CLM_LEG_642_0,W22KB8NGL20VMKWFG,POL_CLM_LEG_642_0,Ford,F-150,2014,Lavender,uz6119
VEH_POL_CLM_LEG_643_0,R4C8J2Y718VLZDTT6,POL_CLM_LEG_643_0,Honda,Pilot,2012,LawnGreen,vk4528
VEH_POL_CLM_LEG_644_0,8X17EHL4CWZJGMHE8,POL_CLM_LEG_644_0,Toyota,Highlander,2019,LemonChiffon,EX7424
VEH_POL_CLM_LEG_645_0,6ZNHJ88BZC0NZTA9J,POL_CLM_LEG_645_0,Ford,Mustang,2012,MediumPurple,cC6837
VEH_POL_CLM_LEG_646_0,ZZT3P009087MG8RV9,POL_CLM_LEG_646_0,Chevrolet,Tahoe,2024,MistyRose,XX5287
VEH_POL_CLM_LEG_647_0,7WT8CGKCMNU6V777L,POL_CLM_LEG_647_0,Ford,Mustang,2016,Salmon,oF4128
VEH_POL_CLM_LEG_647_1,2WL8VP4F5HR9EN09J,POL_CLM_LEG_647_1,Toyota,RAV4,2012,MidnightBlue,UV2534
VEH_POL_CLM_LEG_648_0,3BZJUG3FPD26H3RPY,POL_CLM_LEG_648_0,Chevrolet,Silverado,2024,MediumPurple,ek2794
VEH_POL_CLM_LEG_648_1,8ZAUZE847EDNVD7KF,POL_CLM_LEG_648_1,Chevrolet,Equinox,2011,MediumPurple,VJ4758
VEH_POL_CLM_LEG_649_0,6R63J4YZBTYFY3AU3,POL_CLM_LEG_649_0,Ford,Explorer,2021,PeachPuff,DY9708
VEH_POL_CLM_LEG_650_0,RRWPLGSD7YB20337C,POL_CLM_LEG_650_0,Honda,Civic,2024,CadetBlue,fQ8057
VEH_POL_CLM_LEG_651_0,U9B7SZ1CGS4GRWHV3,POL_CLM_LEG_651_0,Ford,Explorer,2020,MediumOrchid,Xk2585
VEH_POL_CLM_LEG_652_0,3ZTFBENM0UN6AYVXS,POL_CLM_LEG_652_0,Honda,Pilot,2018,Silver,LW2869
VEH_POL_CLM_LEG_653_0,08M6YHHFY2R0GUXAM,POL_CLM_LEG_653_0,Honda,CR-V,2012,LightSalmon,KR7014
VEH_POL_CLM_LEG_654_0,MEPCMBP6VSTNT8234,POL_CLM_LEG_654_0,Chevrolet,Equinox,2022,MediumOrchid,kn6511
VEH_POL_CLM_LEG_655_0,DTFDY89H8ZXGC5Y4R,POL_CLM_LEG_655_0,Honda,Pilot,2010,SpringGreen,qR9581
VEH_POL_CLM_LEG_656_0,PGRJE9899EF0ADXJF,POL_CLM_LEG_656_0,Ford,Explorer,2022,CadetBlue,jd3671
VEH_POL_CLM_LEG_656_1,39XG1MBG69MNBN4X0,POL_CLM_LEG_656_1,Nissan,Rogue,2021,Tomato,vr623
VEH_POL_CLM_LEG_657_0,YUJZTDHTL582YLAYH,POL_CLM_LEG_657_0,Honda,Accord,2023,Purple,ad9179
VEH_POL_CLM_LEG_658_0,YTKPV0YNLKSMJCFXC,POL_CLM_LEG_658_0,Chevrolet,Equinox,2016,LightGray,Wf5611
VEH_POL_CLM_LEG_659_0,JC2ZLJVZWN9WRT3B3,POL_CLM_LEG_659_0,Toyota,Highlander,2021,DarkBlue,is2351
VEH_POL_CLM_LEG_660_0,F9YC5TEYECGJ06XSV,POL_CLM_LEG_660_0,Honda,Accord,2014,PapayaWhip,KV5240
VEH_POL_CLM_LEG_661_0,VUHFTSCW2EYZA8Z8U,POL_CLM_LEG_661_0,Chevrolet,Tahoe,2010,SeaShell,uo8902
VEH_POL_CLM_LEG_662_0,HYGXV7ZGWXNLBT0WM,POL_CLM_LEG_662_0,Chevrolet,Tahoe,2015,MediumSpringGreen,eT3304
VEH_POL_CLM_LEG_662_1,BDC42TN9VS7S0APVP,POL_CLM_LEG_662_1,Honda,Accord,2012,SkyBlue,yT4057
VEH_POL_CLM_LEG_663_0,PVW76C3NMZB5BPM0S,POL_CLM_LEG_663_0,Ford,Mustang,2017,MediumSeaGreen,kN4658
VEH_POL_CLM_LEG_663_1,VX8RDXYEZHGZW0FMF,POL_CLM_LEG_663_1,Toyota,Highlander,2014,PapayaWhip,et2143
VEH_POL_CLM_LEG_664_0,ZRHCLKU542XMKYJ91,POL_CLM_LEG_664_0,Honda,Pilot,2016,PowderBlue,Vk356
VEH_POL_CLM_LEG_665_0,023LEVWJX48JWKVJP,POL_CLM_LEG_665_0,Ford,Escape,2014,LightPink,dG5802
VEH_POL_CLM_LEG_666_0,HWTE00HV3Y6W7DF89,POL_CLM_LEG_666_0,Toyota,Corolla,2012,DarkTurquoise,bz4031
VEH_POL_CLM_LEG_667_0,CF52SK5MK0PM3E2BA,POL_CLM_LEG_667_0,Nissan,Pathfinder,2012,GreenYellow,qA1248
VEH_POL_CLM_LEG_668_0,RL7EXV4E1MED1S55U,POL_CLM_LEG_668_0,Ford,Explorer,2019,CornflowerBlue,HM8162
VEH_POL_CLM_LEG_669_0,LMZSA89CVHC0VGZPH,POL_CLM_LEG_669_0,Nissan,Pathfinder,2013,Violet,Fm7353
VEH_POL_CLM_LEG_670_0,UN6KG4FZE5GSGPYAH,POL_CLM_LEG_670_0,Toyota,Corolla,2024,DarkTurquoise,Hl6265
VEH_POL_CLM_LEG_671_0,1ZY2UAV68L0E5NWB6,POL_CLM_LEG_671_0,Chevrolet,Tahoe,2018,MediumVioletRed,Mm3580
VEH_POL_CLM_LEG_672_0,6CJ9K4BH348F3XKNF,POL_CLM_LEG_672_0,Toyota,Highlander,2017,Tan,cs1677
VEH_POL_CLM_LEG_673_0,GUF3AALVDGAAGPR1E,POL_CLM_LEG_673_0,Ford,Escape,2013,Coral,Ef6301
VEH_POL_CLM_LEG_674_0,7A5ESX1L6BKNB8FHW,POL_CLM_LEG_674_0,Chevrolet,Tahoe,2015,BurlyWood,pm3791
VEH_POL_CLM_LEG_675_0,HH08EEKC9W192C08Y,POL_CLM_LEG_675_0,Ford,Mustang,2012,Chocolate,Gx4782
VEH_POL_CLM_LEG_676_0,6B307J6S2D7YZLJD2,POL_CLM_LEG_676_0,Honda,CR-V,2010,LightSkyBlue,fH4937
VEH_POL_CLM_LEG_677_0,JNYH5R3SET7FLB82M,POL_CLM_LEG_677_0,Nissan,Rogue,2024,LightBlue,AP7043
VEH_POL_CLM_LEG_677_1,JT18TXR2CGECBU8BZ,POL_CLM_LEG_677_1,Chevrolet,Malibu,2021,CadetBlue,Ql260
VEH_POL_CLM_LEG_678_0,7XZ66RB4KBXHED9XZ,POL_CLM_LEG_678_0,Nissan,Pathfinder,2022,Gray,fo7720
VEH_POL_CLM_LEG_679_0,62TFETNJHRFMKENNL,POL_CLM_LEG_679_0,Honda,CR-V,2021,Yellow,dU2594
VEH_POL_CLM_LEG_679_1,861AUG9KR6ATUTWLJ,POL_CLM_LEG_679_1,Ford,Mustang,2023,CornflowerBlue,cL3936
VEH_POL_CLM_LEG_680_0,5XNTMX5GZTX6PXG8W,POL_CLM_LEG_680_0,Toyota,Corolla,2010,PapayaWhip,FU6769
VEH_POL_CLM_LEG_681_0,JRTLF7VACPUEWAN0F,POL_CLM_LEG_681_0,Ford,Mustang,2013,SpringGreen,DY7598
VEH_POL_CLM_LEG_682_0,C782HFL10PRS0FP40,POL_CLM_LEG_682_0,Nissan,Sentra,2011,SaddleBrown,pA5604
VEH_POL_CLM_LEG_683_0,NMJTYVDGDY2BJU50F,POL_CLM_LEG_683_0,Honda,Accord,2016,SaddleBrown,yt5850
VEH_POL_CLM_LEG_684_0,F8FC1T7DNFRPTP6DW,POL_CLM_LEG_684_0,Toyota,Corolla,2023,MediumVioletRed,tv953
VEH_POL_CLM_LEG_685_0,VBLLE4A3F77TYS4U2,POL_CLM_LEG_685_0,Nissan,Sentra,2014,HoneyDew,qG1815
VEH_POL_CLM_LEG_686_0,8PL1W0HYDE73FGAZB,POL_CLM_LEG_686_0,Chevrolet,Tahoe,2014,MediumPurple,ZS4097
VEH_POL_CLM_LEG_687_0,H9KTT620DSXF2WWXV,POL_CLM_LEG_687_0,Honda,CR-V,2018,Green,wX1819
VEH_POL_CLM_LEG_687_1,F0DVB5PAZFAA71UGP,POL_CLM_LEG_687_1,Nissan,Altima,2020,DarkMagenta,di6255
VEH_POL_CLM_LEG_688_0,XLFJUH07VFP3F22CR,POL_CLM_LEG_688_0,Toyota,Camry,2015,GreenYellow,Ku6086
VEH_POL_CLM_LEG_689_0,4175FV66T6Z6G3P1T,POL_CLM_LEG_689_0,Nissan,Pathfinder,2012,GreenYellow,pd8804
VEH_POL_CLM_LEG_690_0,PDRL2ACFTF60FZ51H,POL_CLM_LEG_690_0,Toyota,Highlander,2012,DarkSlateBlue,mS4087
VEH_POL_CLM_LEG_691_0,W5UL710P6TDB104FX,POL_CLM_LEG_691_0,Honda,Pilot,2021,Gold,Pf3371
VEH_POL_CLM_LEG_692_0,YJ2XSRPSTD9P5YUKY,POL_CLM_LEG_692_0,Nissan,Altima,2023,Moccasin,RV1144
VEH_POL_CLM_LEG_693_0,4ENN8PNF5VDLGXW6F,POL_CLM_LEG_693_0,Honda,Accord,2021,Magenta,PH5159
VEH_POL_CLM_LEG_694_0,KRY216WXRXEXP9L2V,POL_CLM_LEG_694_0,Ford,Escape,2019,MediumSlateBlue,VY466
VEH_POL_CLM_LEG_695_0,VVWLZJMXVPCT334DS,POL_CLM_LEG_695_0,Chevrolet,Tahoe,2010,SandyBrown,bj6168
VEH_POL_CLM_LEG_696_0,8MPW3DN2UJL3FY35L,POL_CLM_LEG_696_0,Ford,Mustang,2018,LightCoral,bB2271
VEH_POL_CLM_LEG_697_0,6BP8BPV6AUJ4MDHVU,POL_CLM_LEG_697_0,Honda,Accord,2023,Peru,ay7209
VEH_POL_CLM_LEG_698_0,YBSZUHWS41DM9HE83,POL_CLM_LEG_698_0,Nissan,Rogue,2023,LightSkyBlue,Tg5240
VEH_POL_CLM_LEG_699_0,HZ02PW5WYA8MKV2GR,POL_CLM_LEG_699_0,Toyota,Camry,2010,DarkRed,Vt5008
VEH_POL_CLM_LEG_700_0,RB277YUF53BXGNZBJ,POL_CLM_LEG_700_0,Nissan,Sentra,2016,Tan,EB2575
VEH_POL_CLM_LEG_701_0,EWBSY8V74NKBE2D7X,POL_CLM_LEG_701_0,Ford,Explorer,2014,DarkMagenta,As9215
VEH_POL_CLM_LEG_702_0,LRF7FXLHXYRATSNUZ,POL_CLM_LEG_702_0,Chevrolet,Tahoe,2012,LemonChiffon,Vq2225
VEH_POL_CLM_LEG_703_0,HRF43ULTCELMD05WA,POL_CLM_LEG_703_0,Ford,Explorer,2019,SaddleBrown,SL7431
VEH_POL_CLM_LEG_704_0,Y87C0S7YXSF2UVJML,POL_CLM_LEG_704_0,Honda,Pilot,2012,LightBlue,dl9554
VEH_POL_CLM_LEG_705_0,FZF4E5DDTTXRB7UYM,POL_CLM_LEG_705_0,Ford,Explorer,2012,LightSkyBlue,dB9286
VEH_POL_CLM_LEG_706_0,RLS2YMERU11D3SMK3,POL_CLM_LEG_706_0,Nissan,Altima,2014,MediumOrchid,Ek5650
VEH_POL_CLM_LEG_707_0,J4WBHTAGUP5CG4UWG,POL_CLM_LEG_707_0,Nissan,Pathfinder,2013,FireBrick,Qc2583
VEH_POL_CLM_LEG_708_0,UF7C3SSA4RLCFRLLY,POL_CLM_LEG_708_0,Toyota,Highlander,2018,Khaki,VZ5918
VEH_POL_CLM_LEG_709_0,32BT5MZGKNCS17WP7,POL_CLM_LEG_709_0,Ford,Escape,2017,Tan,Nn7437
VEH_POL_CLM_LEG_710_0,3EWJN3J6BWWABBWMH,POL_CLM_LEG_710_0,Ford,Escape,2013,SandyBrown,Xh2634
VEH_POL_CLM_LEG_711_0,70F0UPU6FKK72K16Z,POL_CLM_LEG_711_0,Toyota,Corolla,2023,Navy,Il8798
VEH_POL_CLM_LEG_712_0,F7N2TXV1EUDWFC1SU,POL_CLM_LEG_712_0,Chevrolet,Malibu,2017,LightGray,HX9164
VEH_POL_CLM_LEG_713_0,UGX56S71U7JLDJ7R2,POL_CLM_LEG_713_0,Toyota,Corolla,2014,DarkBlue,LQ9657
VEH_POL_CLM_LEG_714_0,DGHAUMRU2WX94C8MA,POL_CLM_LEG_714_0,Honda,Pilot,2018,Lime,Mw1352
VEH_POL_CLM_LEG_715_0,DSBLVRPG4NXY1UA08,POL_CLM_LEG_715_0,Toyota,Corolla,2023,OliveDrab,RU5469
VEH_POL_CLM_LEG_716_0,EP1EV2CJ5EVSE5MJR,POL_CLM_LEG_716_0,Toyota,RAV4,2013,CornflowerBlue,VT9567
VEH_POL_CLM_LEG_717_0,U4350BL6K0GCM02TN,POL_CLM_LEG_717_0,Nissan,Altima,2021,LightSalmon,uz4803
VEH_POL_CLM_LEG_717_1,RHM0PJM3BAML519CX,POL_CLM_LEG_717_1,Chevrolet,Equinox,2024,Lime,Bq5266
VEH_POL_CLM_LEG_718_0,JY54HTGM5DKNZBETH,POL_CLM_LEG_718_0,Ford,Mustang,2020,DarkTurquoise,pL96
VEH_POL_CLM_LEG_719_0,AFW9YPMJFC3J3ZC6X,POL_CLM_LEG_719_0,Chevrolet,Equinox,2017,Black,qe6068
VEH_POL_CLM_LEG_720_0,6M5XK4BNEGVATHJTG,POL_CLM_LEG_720_0,Chevrolet,Malibu,2020,FloralWhite,tj8623
VEH_POL_CLM_LEG_721_0,XZRUWW37VVBTJ175X,POL_CLM_LEG_721_0,Honda,Accord,2014,OldLace,FI5987
VEH_POL_CLM_LEG_721_1,T2KXRJL8D042U6ETR,POL_CLM_LEG_721_1,Toyota,Corolla,2012,MediumPurple,qF152
VEH_POL_CLM_LEG_722_0,8389314422BLGTUCT,POL_CLM_LEG_722_0,Honda,Accord,2020,CornflowerBlue,GL7699
VEH_POL_CLM_LEG_723_0,YMT1HKSAJHAA78MTY,POL_CLM_LEG_723_0,Nissan,Pathfinder,2017,SlateBlue,MR5679
VEH_POL_CLM_LEG_724_0,UPM297C45HCBYREJK,POL_CLM_LEG_724_0,Chevrolet,Silverado,2012,Brown,hR4935
VEH_POL_CLM_LEG_724_1,ZZ4JVFN24YBSXDXE1,POL_CLM_LEG_724_1,Toyota,Camry,2021,OldLace,Cc3743
VEH_POL_CLM_LEG_725_0,W1S195VGFCTKEKJ6Y,POL_CLM_LEG_725_0,Nissan,Pathfinder,2010,Peru,Fj5631
VEH_POL_CLM_LEG_726_0,DUXBLUDNBAVRYB72B,POL_CLM_LEG_726_0,Honda,Civic,2016,Brown,Vi8249
VEH_POL_CLM_LEG_727_0,6PEVG8WASWADJM38A,POL_CLM_LEG_727_0,Ford,Escape,2016,Black,dZ5072
VEH_POL_CLM_LEG_728_0,SG2YFDG3V1SCNED3J,POL_CLM_LEG_728_0,Chevrolet,Equinox,2019,Crimson,DE531
VEH_POL_CLM_LEG_729_0,DTVV9C4SLP9EHK57E,POL_CLM_LEG_729_0,Ford,Mustang,2022,Snow,pr6936
VEH_POL_CLM_LEG_730_0,YAMHW1E171WL43SFX,POL_CLM_LEG_730_0,Ford,Escape,2011,BlueViolet,Rp1734
VEH_POL_CLM_LEG_731_0,YMD7SCS40A9E84MUD,POL_CLM_LEG_731_0,Honda,Civic,2016,PaleVioletRed,go4883
VEH_POL_CLM_LEG_732_0,DZL7W4FR690136JV3,POL_CLM_LEG_732_0,Toyota,Corolla,2011,Aquamarine,VF9624
VEH_POL_CLM_LEG_733_0,HNBAULJTH4VCVVTXV,POL_CLM_LEG_733_0,Nissan,Pathfinder,2012,DarkSalmon,ZR1438
VEH_POL_CLM_LEG_734_0,BP12728GX1EGLHUTJ,POL_CLM_LEG_734_0,Toyota,Highlander,2014,OliveDrab,rw7887
VEH_POL_CLM_LEG_735_0,H8PKG0ACF1T7EA6AG,POL_CLM_LEG_735_0,Toyota,Corolla,2011,MediumBlue,lF5657
VEH_POL_CLM_LEG_736_0,AVN319RWXAU2VCJPA,POL_CLM_LEG_736_0,Honda,Accord,2010,LightSlateGray,Pl8238
VEH_POL_CLM_LEG_737_0,V1FHZGS4Z8WS0BA3M,POL_CLM_LEG_737_0,Nissan,Altima,2016,Green,iW9200
VEH_POL_CLM_LEG_738_0,5VSJJB739TZJDD48C,POL_CLM_LEG_738_0,Nissan,Altima,2023,PaleGoldenRod,FR8226
VEH_POL_CLM_LEG_739_0,DWYZLEV3EAX3YCG2K,POL_CLM_LEG_739_0,Toyota,Camry,2015,MediumSlateBlue,fw855
VEH_POL_CLM_LEG_740_0,L8XJW05REBBE6030U,POL_CLM_LEG_740_0,Chevrolet,Silverado,2017,Peru,zH8324
VEH_POL_CLM_LEG_741_0,EHR7KA8NBM6TZ6S3M,POL_CLM_LEG_741_0,Toyota,Corolla,2024,CornflowerBlue,ww7669
VEH_POL_CLM_LEG_742_0,F7MRACX9VE0DDPCFX,POL_CLM_LEG_742_0,Honda,Pilot,2014,DarkOliveGreen,Su5976
VEH_POL_CLM_LEG_743_0,AY6DBSFBRACVUSA01,POL_CLM_LEG_743_0,Ford,Explorer,2019,PapayaWhip,RA1326
VEH_POL_CLM_LEG_744_0,E17RMEYJUNTR1H367,POL_CLM_LEG_744_0,Honda,Civic,2024,PeachPuff,AJ9539
VEH_POL_CLM_LEG_745_0,09LFER95K4AXLAT1X,POL_CLM_LEG_745_0,Ford,Explorer,2016,LimeGreen,cK3924
VEH_POL_CLM_LEG_746_0,4JM8C9UFLDZ4ZGRAN,POL_CLM_LEG_746_0,Honda,CR-V,2017,PeachPuff,Vp6357
VEH_POL_CLM_LEG_747_0,M0PFE98XR95R5JXS4,POL_CLM_LEG_747_0,Chevrolet,Tahoe,2024,LightCoral,AO231
VEH_POL_CLM_LEG_748_0,GAP73LV99ELJGB051,POL_CLM_LEG_748_0,Honda,Accord,2020,MediumSpringGreen,Kx5137
VEH_POL_CLM_LEG_749_0,EMY4W1FJ2APZ3YCEZ,POL_CLM_LEG_749_0,Nissan,Rogue,2011,DarkOrchid,SA1909
VEH_POL_CLM_LEG_750_0,GVUSAZHHZ3T530UK3,POL_CLM_LEG_750_0,Nissan,Pathfinder,2022,Cornsilk,on9617
VEH_POL_CLM_LEG_751_0,P5A439FF5LYK3G5DP,POL_CLM_LEG_751_0,Nissan,Altima,2016,MediumSeaGreen,Am3069
VEH_POL_CLM_LEG_752_0,4HE0YTBBF9GWVWW8C,POL_CLM_LEG_752_0,Ford,Mustang,2010,DarkSeaGreen,qx1222
VEH_POL_CLM_LEG_753_0,G7SDDZ1WSYP2DXN72,POL_CLM_LEG_753_0,Ford,F-150,2010,Teal,jx6470
VEH_POL_CLM_LEG_754_0,TDY4X4LNADGRHU0A7,POL_CLM_LEG_754_0,Ford,F-150,2021,PaleGreen,eL2107
VEH_POL_CLM_LEG_755_0,1S2WBHDPRVT2S4EGW,POL_CLM_LEG_755_0,Nissan,Pathfinder,2018,Cyan,jP7039
VEH_POL_CLM_LEG_755_1,S2UT4B5VD6GKA0V2S,POL_CLM_LEG_755_1,Nissan,Pathfinder,2014,RoyalBlue,Vt9142
VEH_POL_CLM_LEG_756_0,FJ5G2HPG9EW3NZNMS,POL_CLM_LEG_756_0,Nissan,Altima,2010,Orange,LF9067
VEH_POL_CLM_LEG_757_0,NRZCXDW97088CBDPK,POL_CLM_LEG_757_0,Chevrolet,Tahoe,2010,LimeGreen,HE9356
VEH_POL_CLM_LEG_758_0,A7HN98Y26F50ZX5WK,POL_CLM_LEG_758_0,Honda,Pilot,2011,Tan,OM6690
VEH_POL_CLM_LEG_759_0,AKDR3CA5BD7N02090,POL_CLM_LEG_759_0,Ford,F-150,2013,Gray,fK6960
VEH_POL_CLM_LEG_760_0,Z75HVDL46KTJ9T4WR,POL_CLM_LEG_760_0,Chevrolet,Equinox,2013,Ivory,dw2654
VEH_POL_CLM_LEG_760_1,JM17DVCRT3EW2TDMF,POL_CLM_LEG_760_1,Toyota,RAV4,2017,Snow,Od4257
VEH_POL_CLM_LEG_761_0,HNF2R192PSEMRAG4S,POL_CLM_LEG_761_0,Toyota,Highlander,2012,GreenYellow,yK3001
VEH_POL_CLM_LEG_761_1,JYUYHYCDL9U26KCK4,POL_CLM_LEG_761_1,Ford,Mustang,2022,Gainsboro,Ww9230
VEH_POL_CLM_LEG_762_0,BVL2PU96GUKBPJAYN,POL_CLM_LEG_762_0,Chevrolet,Equinox,2016,Cyan,Bq2181
VEH_POL_CLM_LEG_763_0,8508GV7SZME6RTSB6,POL_CLM_LEG_763_0,Honda,Civic,2017,LavenderBlush,ah2197
VEH_POL_CLM_LEG_764_0,7UNZFZ22JMAU42SW1,POL_CLM_LEG_764_0,Toyota,RAV4,2018,SkyBlue,sz9607
VEH_POL_CLM_LEG_764_1,82LZ1PBSWS0MF5W5H,POL_CLM_LEG_764_1,Ford,Mustang,2016,Aqua,hF6397
VEH_POL_CLM_LEG_765_0,4S51E1F0FYSDCSN6R,POL_CLM_LEG_765_0,Nissan,Sentra,2012,GreenYellow,gW9927
VEH_POL_CLM_LEG_766_0,PBKXUDJVWHN848AW3,POL_CLM_LEG_766_0,Toyota,Highlander,2011,DarkGoldenRod,KG6967
VEH_POL_CLM_LEG_767_0,FP8VVD9JZJ4BV5R62,POL_CLM_LEG_767_0,Honda,Accord,2024,LemonChiffon,DR278
VEH_POL_CLM_LEG_768_0,7R26Z8KGG4G7NHD3F,POL_CLM_LEG_768_0,Honda,Accord,2016,Violet,xQ5667
VEH_POL_CLM_LEG_769_0,97AHV11LC6XX9L0HW,POL_CLM_LEG_769_0,Ford,Mustang,2016,Ivory,Zy72
VEH_POL_CLM_LEG_770_0,F2F5FV4HYK23B40RY,POL_CLM_LEG_770_0,Honda,Pilot,2021,PeachPuff,Yj2847
VEH_POL_CLM_LEG_770_1,FYMGTXXNRA5R3PTMP,POL_CLM_LEG_770_1,Honda,Pilot,2023,GoldenRod,aA3089
VEH_POL_CLM_LEG_771_0,VY7V4FBGCN4K3XKU7,POL_CLM_LEG_771_0,Toyota,Corolla,2010,MediumVioletRed,AE3376
VEH_POL_CLM_LEG_772_0,6MGGAFMB363M9D6HM,POL_CLM_LEG_772_0,Nissan,Rogue,2012,MidnightBlue,FD6122
VEH_POL_CLM_LEG_773_0,5W33K2X1J5KJ7WE3A,POL_CLM_LEG_773_0,Ford,F-150,2013,OrangeRed,NU4740
VEH_POL_CLM_LEG_774_0,E8JJFWRMWL5WEBE8P,POL_CLM_LEG_774_0,Nissan,Rogue,2011,FireBrick,XM8533
VEH_POL_CLM_LEG_774_1,LNF6NW5YV6M9DEPCH,POL_CLM_LEG_774_1,Toyota,Highlander,2017,Magenta,Ze30
VEH_POL_CLM_LEG_775_0,0EP8SE5XPN6EAXD3H,POL_CLM_LEG_775_0,Chevrolet,Malibu,2013,Lime,aT578
VEH_POL_CLM_LEG_775_1,1UJ5JG0CZ5MLJ0EWD,POL_CLM_LEG_775_1,Toyota,Corolla,2020,IndianRed,Vk7680
VEH_POL_CLM_LEG_776_0,5TWYJWEZJE9TH4XZ0,POL_CLM_LEG_776_0,Honda,Accord,2018,GreenYellow,bn2088
VEH_POL_CLM_LEG_777_0,F7A2SBTNV861W9RD5,POL_CLM_LEG_777_0,Nissan,Altima,2019,Linen,XH2852
VEH_POL_CLM_LEG_778_0,SUKRBUY2MUG1F200S,POL_CLM_LEG_778_0,Toyota,Corolla,2015,Red,tS6241
VEH_POL_CLM_LEG_779_0,1JSY2M75YLN2NVF5A,POL_CLM_LEG_779_0,Chevrolet,Equinox,2010,GreenYellow,VY5322
VEH_POL_CLM_LEG_780_0,1YXF6KFPWJFA5FF7C,POL_CLM_LEG_780_0,Toyota,Corolla,2015,DarkSalmon,RU3756
VEH_POL_CLM_LEG_781_0,AA0PFZBPA764BWRGS,POL_CLM_LEG_781_0,Nissan,Rogue,2019,MediumSpringGreen,Af1899
VEH_POL_CLM_LEG_782_0,0XB2VJ2UFF4D8H5ZP,POL_CLM_LEG_782_0,Ford,F-150,2010,Thistle,SW2478
VEH_POL_CLM_LEG_783_0,TBPP714B95NHU7AVH,POL_CLM_LEG_783_0,Toyota,Corolla,2017,Aquamarine,pI54
VEH_POL_CLM_LEG_784_0,PRREHD962DY3J08K7,POL_CLM_LEG_784_0,Honda,Civic,2014,Pink,RT9546
VEH_POL_CLM_LEG_785_0,K3D1SSYNM861PZ3WF,POL_CLM_LEG_785_0,Toyota,Highlander,2015,MediumPurple,GQ6767
VEH_POL_CLM_LEG_786_0,RCLMTR94TXGKG6KHL,POL_CLM_LEG_786_0,Toyota,RAV4,2024,DarkSlateGray,Qe9210
VEH_POL_CLM_LEG_787_0,THM23TNJV9F52NH4E,POL_CLM_LEG_787_0,Ford,F-150,2022,MediumSeaGreen,mP1049
VEH_POL_CLM_LEG_788_0,ZFU1JY9AMTM6S8FNK,POL_CLM_LEG_788_0,Nissan,Altima,2014,DarkKhaki,gP2680
VEH_POL_CLM_LEG_788_1,3WHUJRL4X1KS8UKSP,POL_CLM_LEG_788_1,Ford,F-150,2023,SteelBlue,Wf7645
VEH_POL_CLM_LEG_789_0,148MP65E51P762NKZ,POL_CLM_LEG_789_0,Chevrolet,Silverado,2018,SlateBlue,YM491
VEH_POL_CLM_LEG_790_0,UXBBR7F4AUM0Y4NKH,POL_CLM_LEG_790_0,Nissan,Sentra,2023,HoneyDew,Oz6945
VEH_POL_CLM_LEG_791_0,MB0R7WJASRG3S36VE,POL_CLM_LEG_791_0,Chevrolet,Tahoe,2010,OliveDrab,zo6427
VEH_POL_CLM_LEG_792_0,6SVKCATTTLTLW4N1V,POL_CLM_LEG_792_0,Honda,Pilot,2016,LimeGreen,El8308
VEH_POL_CLM_LEG_793_0,3ZZ5TSP1L9LAZKE4Z,POL_CLM_LEG_793_0,Honda,CR-V,2020,Cornsilk,Pp2594
VEH_POL_CLM_LEG_794_0,5P0C5ZRPG42PF7Z6S,POL_CLM_LEG_794_0,Toyota,RAV4,2020,PapayaWhip,uL8444
VEH_POL_CLM_LEG_795_0,44C937TVPL6G3SS7A,POL_CLM_LEG_795_0,Nissan,Rogue,2022,LightSeaGreen,va3153
VEH_POL_CLM_LEG_796_0,JPKA0WZY9C28K9WAK,POL_CLM_LEG_796_0,Chevrolet,Malibu,2019,Green,RF806
VEH_POL_CLM_LEG_797_0,ANFX4RAJXF9H71K23,POL_CLM_LEG_797_0,Nissan,Pathfinder,2017,ForestGreen,QQ9850
VEH_POL_CLM_LEG_798_0,0DS5AX8JHD6U527DY,POL_CLM_LEG_798_0,Honda,Accord,2017,LightSeaGreen,bo8037
VEH_POL_CLM_LEG_799_0,5TLGRBS79PKRBBXBY,POL_CLM_LEG_799_0,Ford,Escape,2024,MistyRose,nw3242
VEH_POL_CLM_LEG_799_1,PUWPF5KKU1A5SUY88,POL_CLM_LEG_799_1,Toyota,Highlander,2012,DarkMagenta,Qm2544
VEH_POL_CLM_RING_0_0_0,KCUPWDW65FSNABEAX,POL_CLM_RING_0_0_0,Honda,Pilot,2020,LightCoral,Vv2066
VEH_POL_CLM_RING_0_1_0,1F7G6JJLWXGJ9Z56C,POL_CLM_RING_0_1_0,Chevrolet,Silverado,2020,RosyBrown,Sv6792
VEH_POL_CLM_RING_0_2_0,YYKYNPAC78SJG7VP3,POL_CLM_RING_0_2_0,Toyota,RAV4,2022,RoyalBlue,gL5608
VEH_POL_CLM_RING_0_3_0,N2A7KNE2ZBM0RTCUR,POL_CLM_RING_0_3_0,Toyota,Corolla,2019,BurlyWood,ZY4088
VEH_POL_CLM_RING_0_4_0,AJP046VD5V9JN7PFG,POL_CLM_RING_0_4_0,Ford,Explorer,2020,CadetBlue,xz8213
VEH_POL_CLM_RING_0_5_0,BPS29PWEWVS766EBJ,POL_CLM_RING_0_5_0,Honda,Civic,2016,SaddleBrown,Jd7472
VEH_POL_CLM_RING_0_6_0,FPXAPCR7WF6N968YF,POL_CLM_RING_0_6_0,Nissan,Pathfinder,2012,CornflowerBlue,iS6521
VEH_POL_CLM_RING_0_7_0,LVS9VSTXN2AEJFU5J,POL_CLM_RING_0_7_0,Nissan,Rogue,2013,MediumPurple,js4785
VEH_POL_CLM_RING_0_8_0,LW19WFEAACKYYSP40,POL_CLM_RING_0_8_0,Nissan,Rogue,2011,Yellow,Me8200
VEH_POL_CLM_RING_0_9_0,YHBK7CKAUVL64SBXR,POL_CLM_RING_0_9_0,Toyota,RAV4,2021,MintCream,kZ9820
VEH_POL_CLM_RING_0_10_0,F28E6L8YBGMHVSRX3,POL_CLM_RING_0_10_0,Ford,Mustang,2014,Tan,pG8237
VEH_POL_CLM_RING_0_11_0,6P7V9279B9NU6CYJ7,POL_CLM_RING_0_11_0,Nissan,Sentra,2018,FloralWhite,aT1209
VEH_POL_CLM_RING_1_0_0,DUV9F27Y25AJ7TDFH,POL_CLM_RING_1_0_0,Chevrolet,Tahoe,2016,MediumOrchid,hr9619
VEH_POL_CLM_RING_1_1_0,YLPATTYC9MHCVY8EM,POL_CLM_RING_1_1_0,Toyota,Corolla,2017,SeaGreen,CF6777
VEH_POL_CLM_RING_1_2_0,GSGBKGK9KRVAJRR8P,POL_CLM_RING_1_2_0,Nissan,Altima,2019,LightGreen,Kf4031
VEH_POL_CLM_RING_1_3_0,976ZSL2X2X9Z59CZ8,POL_CLM_RING_1_3_0,Honda,Civic,2015,PaleGoldenRod,Uf6688
VEH_POL_CLM_RING_1_4_0,JN9B3VMAM113L4J0X,POL_CLM_RING_1_4_0,Honda,CR-V,2011,MidnightBlue,CA5675
VEH_POL_CLM_RING_1_5_0,Y7BTSBAJ4AL6DKA2W,POL_CLM_RING_1_5_0,Ford,Escape,2019,DarkSlateGray,Gk2193
VEH_POL_CLM_RING_1_5_1,CUZWNF81HN4VZK91Y,POL_CLM_RING_1_5_1,Nissan,Rogue,2012,Orange,gK5370
VEH_POL_CLM_RING_1_6_0,NF0C6KRW50MPG7WSJ,POL_CLM_RING_1_6_0,Nissan,Altima,2012,LightGreen,TK388
VEH_POL_CLM_RING_1_7_0,2RB0WS8WBZD0D44X9,POL_CLM_RING_1_7_0,Toyota,Camry,2022,DarkSeaGreen,Kt9206
VEH_POL_CLM_RING_2_0_0,G5ENDMKMBFPGDWPKS,POL_CLM_RING_2_0_0,Honda,Accord,2011,LightGray,LX4857
VEH_POL_CLM_RING_2_1_0,LWSASJ0K08BU6276C,POL_CLM_RING_2_1_0,Honda,Civic,2010,Gold,QV4194
VEH_POL_CLM_RING_2_2_0,14V1WP339EPJ0W7M9,POL_CLM_RING_2_2_0,Toyota,RAV4,2016,MediumAquaMarine,DE6705
VEH_POL_CLM_RING_2_3_0,1KETVRHNPL3NBPRAB,POL_CLM_RING_2_3_0,Honda,Pilot,2011,Orchid,eU3894
VEH_POL_CLM_RING_2_4_0,XJAUD5WW9B1YEEXMZ,POL_CLM_RING_2_4_0,Nissan,Altima,2020,Yellow,IB5623
VEH_POL_CLM_RING_2_5_0,SWHDYGNB0RE8M3TKL,POL_CLM_RING_2_5_0,Chevrolet,Malibu,2019,MediumSpringGreen,bX556
VEH_POL_CLM_RING_2_6_0,L18KKLTEAV0WMMG64,POL_CLM_RING_2_6_0,Ford,Escape,2010,DarkGoldenRod,Sx9737
VEH_POL_CLM_RING_2_7_0,FF3NEXB0NH3DPEUBA,POL_CLM_RING_2_7_0,Ford,Mustang,2016,MediumTurquoise,Uz7267
VEH_POL_CLM_RING_2_8_0,P7AG3CTANGARZXCTD,POL_CLM_RING_2_8_0,Chevrolet,Equinox,2022,Thistle,mj3412
VEH_POL_CLM_RING_2_9_0,UVNFKGWLVBNJ1HZL7,POL_CLM_RING_2_9_0,Chevrolet,Silverado,2015,Moccasin,WL3084
VEH_POL_CLM_RING_2_10_0,0E7CYUVP874PHL6VG,POL_CLM_RING_2_10_0,Chevrolet,Silverado,2015,OliveDrab,Za1917
VEH_POL_CLM_RING_2_11_0,XVP8NS299Z43CJ53D,POL_CLM_RING_2_11_0,Ford,Mustang,2014,LightSkyBlue,fj7531
VEH_POL_CLM_RING_2_12_0,WRHG3ZWS2EV5KB57L,POL_CLM_RING_2_12_0,Honda,Civic,2010,Black,Ay1737
VEH_POL_CLM_RING_2_13_0,38N5YJR7X0HUMEEZA,POL_CLM_RING_2_13_0,Honda,Pilot,2024,MediumOrchid,Qo6713
VEH_POL_CLM_RING_2_14_0,9CXH3UKHKYWU6AZLL,POL_CLM_RING_2_14_0,Toyota,RAV4,2021,BlanchedAlmond,TH8072
VEH_POL_CLM_RING_3_0_0,JM6B7LVXCVHA0NKJZ,POL_CLM_RING_3_0_0,Toyota,RAV4,2023,White,cC2225
VEH_POL_CLM_RING_3_1_0,0EERSGC6T88PKS7RG,POL_CLM_RING_3_1_0,Honda,Pilot,2020,AliceBlue,Qi476
VEH_POL_CLM_RING_3_2_0,NBXFTLXC4Y3KB6JZ5,POL_CLM_RING_3_2_0,Ford,F-150,2013,Ivory,OT3517
VEH_POL_CLM_RING_3_3_0,FREVA74AB0GT9X386,POL_CLM_RING_3_3_0,Chevrolet,Malibu,2018,DarkGreen,ek186
VEH_POL_CLM_RING_3_4_0,CVJWYGUHW2Z1404WC,POL_CLM_RING_3_4_0,Ford,Mustang,2021,Pink,zE7022
VEH_POL_CLM_RING_3_4_1,WXLL5W3G42RHEHW6D,POL_CLM_RING_3_4_1,Nissan,Pathfinder,2010,Indigo,Ck285
VEH_POL_CLM_RING_3_5_0,V063C5DXVMJACZR07,POL_CLM_RING_3_5_0,Toyota,Corolla,2021,Green,PC3662
VEH_POL_CLM_RING_3_6_0,GWU77K47FPSTT42U6,POL_CLM_RING_3_6_0,Honda,Civic,2024,LightYellow,Xq8245
VEH_POL_CLM_RING_3_7_0,UVSLV4CUNC10JYPS9,POL_CLM_RING_3_7_0,Honda,Civic,2017,Ivory,yx6889
VEH_POL_CLM_RING_3_8_0,AZUZXV3GZHAX7FPD4,POL_CLM_RING_3_8_0,Nissan,Sentra,2016,SkyBlue,aD1648
VEH_POL_CLM_RING_3_9_0,CPAPMLRT8LYUPL26M,POL_CLM_RING_3_9_0,Toyota,Corolla,2016,AliceBlue,wz5340
VEH_POL_CLM_RING_4_0_0,RABUM2PUEZMPMLF65,POL_CLM_RING_4_0_0,Honda,CR-V,2017,SlateGray,Zs3175
VEH_POL_CLM_RING_4_1_0,TX7A34GPURTHLSBCA,POL_CLM_RING_4_1_0,Ford,F-150,2022,PaleTurquoise,FE556
VEH_POL_CLM_RING_4_1_1,BX3J7TPF3LBXUBX51,POL_CLM_RING_4_1_1,Honda,Pilot,2013,MediumAquaMarine,qz7382
VEH_POL_CLM_RING_4_2_0,WWRCXW5765EK9VDMX,POL_CLM_RING_4_2_0,Honda,CR-V,2020,Green,Mp1243
VEH_POL_CLM_RING_4_3_0,LBG1NZKT9VTYHJAM4,POL_CLM_RING_4_3_0,Nissan,Altima,2014,OrangeRed,qU9781
VEH_POL_CLM_RING_4_4_0,YRFXJY3BHC7W2LK4A,POL_CLM_RING_4_4_0,Nissan,Altima,2012,AntiqueWhite,LV5598
VEH_POL_CLM_RING_4_5_0,BD1YSUSX8DLTRJ6UF,POL_CLM_RING_4_5_0,Honda,CR-V,2012,LightPink,BJ8727
VEH_POL_CLM_RING_4_6_0,X2UPT7DPJ2F6BY0NX,POL_CLM_RING_4_6_0,Toyota,Corolla,2023,Snow,Vp820
VEH_POL_CLM_RING_4_7_0,PS7G5R0NFWYYZN9U6,POL_CLM_RING_4_7_0,Ford,Escape,2017,MidnightBlue,HG7024
VEH_POL_CLM_RING_4_8_0,TKENMMLXWAPFE0HSR,POL_CLM_RING_4_8_0,Toyota,Highlander,2018,White,hd2635
VEH_POL_CLM_RING_5_0_0,6HZVB32R450XRZV39,POL_CLM_RING_5_0_0,Nissan,Altima,2012,MediumPurple,ng2238
VEH_POL_CLM_RING_5_1_0,JXRTLWC45UZ41SCWL,POL_CLM_RING_5_1_0,Nissan,Sentra,2021,Fuchsia,BA2093
VEH_POL_CLM_RING_5_2_0,WN92XF4GJTPU58ZPE,POL_CLM_RING_5_2_0,Nissan,Altima,2018,Maroon,rF8329
VEH_POL_CLM_RING_5_3_0,DDXZA51V3D7YUY42D,POL_CLM_RING_5_3_0,Nissan,Pathfinder,2020,BurlyWood,Rc9233
VEH_POL_CLM_RING_5_4_0,4AP05W5BWH2WEV6H6,POL_CLM_RING_5_4_0,Honda,Accord,2020,MediumOrchid,Hd5011
VEH_POL_CLM_RING_5_5_0,L67JLPLTPU1H9MZAT,POL_CLM_RING_5_5_0,Nissan,Pathfinder,2020,Aquamarine,fX4814
VEH_POL_CLM_RING_5_6_0,F36HLMB4LZBEDSW5H,POL_CLM_RING_5_6_0,Honda,Accord,2022,OliveDrab,hu9967
VEH_POL_CLM_RING_5_6_1,BNTG9LLSB7DFHYLBP,POL_CLM_RING_5_6_1,Ford,Explorer,2014,SeaGreen,XU212
VEH_POL_CLM_RING_5_7_0,XN7UCBY5RRB6H93XM,POL_CLM_RING_5_7_0,Chevrolet,Silverado,2015,BlueViolet,be9501
VEH_POL_CLM_RING_5_8_0,PS3A2H20RKAR7XS2T,POL_CLM_RING_5_8_0,Nissan,Sentra,2014,Chartreuse,cC3434
VEH_POL_CLM_RING_5_9_0,WTR7W0ERDNV10E4LN,POL_CLM_RING_5_9_0,Honda,Accord,2015,Tomato,Gu4221
VEH_POL_CLM_RING_5_10_0,HFC51CM1UW3ASGKNS,POL_CLM_RING_5_10_0,Ford,Escape,2023,OrangeRed,CW3797
VEH_POL_CLM_RING_5_11_0,0MXMKCXJ77DCAAFFT,POL_CLM_RING_5_11_0,Ford,Mustang,2012,Magenta,UF4637
VEH_POL_CLM_RING_5_12_0,VY86D2KKS0BW3GTRA,POL_CLM_RING_5_12_0,Toyota,Highlander,2019,LemonChiffon,zW9379
VEH_POL_CLM_RING_6_0_0,PY992AF8X81VYN4D6,POL_CLM_RING_6_0_0,Honda,Civic,2018,Lavender,KO531
VEH_POL_CLM_RING_6_1_0,SWNPRCELPHF8B34E0,POL_CLM_RING_6_1_0,Chevrolet,Tahoe,2017,LightSalmon,gn1758
VEH_POL_CLM_RING_6_2_0,WB6GRPHPM1D5XLXKP,POL_CLM_RING_6_2_0,Honda,CR-V,2019,Wheat,uK6192
VEH_POL_CLM_RING_6_2_1,XG2MS56RL5NBVJ1NC,POL_CLM_RING_6_2_1,Ford,Explorer,2010,SpringGreen,eH3588
VEH_POL_CLM_RING_6_3_0,6NXMWFGZN63KBH533,POL_CLM_RING_6_3_0,Nissan,Sentra,2021,DarkTurquoise,gm217
VEH_POL_CLM_RING_6_4_0,1MC0G7827JVSF7HAS,POL_CLM_RING_6_4_0,Ford,F-150,2012,MediumVioletRed,si8872
VEH_POL_CLM_RING_6_5_0,JMN1CZK4EDJ2SUWLC,POL_CLM_RING_6_5_0,Honda,Civic,2011,LightCoral,PY2869
VEH_POL_CLM_RING_6_6_0,WKRYRTBUNBDZSJLWL,POL_CLM_RING_6_6_0,Toyota,RAV4,2010,MintCream,Oe1696
VEH_POL_CLM_RING_7_0_0,RUFD3TVVDXPUPE24P,POL_CLM_RING_7_0_0,Toyota,RAV4,2013,DarkCyan,LP685
VEH_POL_CLM_RING_7_1_0,54YJ3C8F1ABGB8RMY,POL_CLM_RING_7_1_0,Nissan,Altima,2012,Gray,Ww9849
VEH_POL_CLM_RING_7_2_0,L4F1D3APBLJ1VA9P6,POL_CLM_RING_7_2_0,Ford,F-150,2020,Lime,Va9467
VEH_POL_CLM_RING_7_3_0,EEB9H9EYBNYDYXBC2,POL_CLM_RING_7_3_0,Honda,Civic,2012,LightYellow,kQ9460
VEH_POL_CLM_RING_7_4_0,HDHFFN93F1J4PKELT,POL_CLM_RING_7_4_0,Ford,Explorer,2013,LightSkyBlue,el5136
VEH_POL_CLM_RING_7_5_0,R3FWRGFB38J1YS64K,POL_CLM_RING_7_5_0,Ford,Explorer,2019,RosyBrown,NN9660
VEH_POL_CLM_RING_7_5_1,X4M4DZ99P3VCT68NJ,POL_CLM_RING_7_5_1,Nissan,Sentra,2012,Blue,UR3739
VEH_POL_CLM_RING_7_6_0,7PDS9HPWNKR9J2RLH,POL_CLM_RING_7_6_0,Nissan,Altima,2019,DarkSlateGray,pJ8884
VEH_POL_CLM_RING_7_7_0,26W61FG71N7EDSFSY,POL_CLM_RING_7_7_0,Honda,Pilot,2012,RosyBrown,RA7671
VEH_POL_CLM_RING_7_8_0,X7LHYPL1JWPD1EVWH,POL_CLM_RING_7_8_0,Chevrolet,Equinox,2021,Orange,Bc6344
VEH_POL_CLM_RING_7_9_0,D5ZTD6UGSAA3SNSF4,POL_CLM_RING_7_9_0,Nissan,Altima,2016,FireBrick,UH9457
VEH_POL_CLM_RING_7_10_0,UPSV0VE1VD99PG22R,POL_CLM_RING_7_10_0,Toyota,Camry,2014,MediumAquaMarine,em5074
VEH_POL_CLM_RING_7_10_1,KEW4F4K1G3WS1W3XK,POL_CLM_RING_7_10_1,Honda,CR-V,2020,Azure,Pn9243
